Array Data File	Suggested_name	Steatogenic	Source Name	Characteristics[organism]	Characteristics[individual]	Characteristics[developmental stage]	Characteristics[sex]	Characteristics[genotype]	Characteristics[organism part]	Characteristics[cell type]	Characteristics[cohort]	Description	Material Type	Protocol REF	Protocol REF	Extract Name	Protocol REF	Labeled Extract Name	Label	Protocol REF	Protocol REF	Assay Name	Technology Type	Array Design REF	Term Source REF	Protocol REF	Protocol REF	Comment [ArrayExpress FTP file]	Factor Value[cohort]	Term Source REF	Term Accession Number	Factor Value[compound]	Factor Value[dose]	Unit[dose unit]	Factor Value[time]	Unit[time unit]
003016027024.CEL	TG_hum_vit_AM_Ctl_2hr_1	No	5098011LRA	Homo sapiens	5098011LRA	adult	female	wild type genotype	liver	hepatocyte	amiodarone	amiodarone-Control	cell	P-MTAB-23086	P-MTAB-23087	5098011LRA	P-MTAB-23090	5098011LRA	biotin	P-MTAB-23088	P-MTAB-23089	3016027024	array assay	A-AFFY-44	ArrayExpress	P-MTAB-23090	P-MTAB-23091	ftp://ftp.ebi.ac.uk/pub/databases/microarray/data/experiment/MTAB/E-MTAB-798/E-MTAB-798.raw.40.zip	amiodarone	ChEMBL	CHEMBL633	none	  	  	2	hour
003016027025.CEL	TG_hum_vit_AM_Ctl_2hr_2	No	5098012LRA	Homo sapiens	5098012LRA	adult	female	wild type genotype	liver	hepatocyte	amiodarone	amiodarone-Control	cell	P-MTAB-23086	P-MTAB-23087	5098012LRA	P-MTAB-23090	5098012LRA	biotin	P-MTAB-23088	P-MTAB-23089	3016027025	array assay	A-AFFY-44	ArrayExpress	P-MTAB-23090	P-MTAB-23091	ftp://ftp.ebi.ac.uk/pub/databases/microarray/data/experiment/MTAB/E-MTAB-798/E-MTAB-798.raw.40.zip	amiodarone	ChEMBL	CHEMBL633	none	  	  	2	hour
003016028006.CEL	TG_hum_vit_AM_Ctl_8hr_1	No	5098021LRA	Homo sapiens	5098021LRA	adult	female	wild type genotype	liver	hepatocyte	amiodarone	amiodarone-Control	cell	P-MTAB-23086	P-MTAB-23087	5098021LRA	P-MTAB-23090	5098021LRA	biotin	P-MTAB-23088	P-MTAB-23089	3016028006	array assay	A-AFFY-44	ArrayExpress	P-MTAB-23090	P-MTAB-23091	ftp://ftp.ebi.ac.uk/pub/databases/microarray/data/experiment/MTAB/E-MTAB-798/E-MTAB-798.raw.40.zip	amiodarone	ChEMBL	CHEMBL633	none	  	  	8	hour
003016028007.CEL	TG_hum_vit_AM_Ctl_8hr_2	No	5098022LRA	Homo sapiens	5098022LRA	adult	female	wild type genotype	liver	hepatocyte	amiodarone	amiodarone-Control	cell	P-MTAB-23086	P-MTAB-23087	5098022LRA	P-MTAB-23090	5098022LRA	biotin	P-MTAB-23088	P-MTAB-23089	3016028007	array assay	A-AFFY-44	ArrayExpress	P-MTAB-23090	P-MTAB-23091	ftp://ftp.ebi.ac.uk/pub/databases/microarray/data/experiment/MTAB/E-MTAB-798/E-MTAB-798.raw.40.zip	amiodarone	ChEMBL	CHEMBL633	none	  	  	8	hour
003016028014.CEL	TG_hum_vit_AM_Ctl_24hr_1	No	5098031LRA	Homo sapiens	5098031LRA	adult	female	wild type genotype	liver	hepatocyte	amiodarone	amiodarone-Control	cell	P-MTAB-23086	P-MTAB-23087	5098031LRA	P-MTAB-23090	5098031LRA	biotin	P-MTAB-23088	P-MTAB-23089	3016028014	array assay	A-AFFY-44	ArrayExpress	P-MTAB-23090	P-MTAB-23091	ftp://ftp.ebi.ac.uk/pub/databases/microarray/data/experiment/MTAB/E-MTAB-798/E-MTAB-798.raw.40.zip	amiodarone	ChEMBL	CHEMBL633	none	  	  	24	hour
003016028015.CEL	TG_hum_vit_AM_Ctl_24hr_2	No	5098032LRA	Homo sapiens	5098032LRA	adult	female	wild type genotype	liver	hepatocyte	amiodarone	amiodarone-Control	cell	P-MTAB-23086	P-MTAB-23087	5098032LRA	P-MTAB-23090	5098032LRA	biotin	P-MTAB-23088	P-MTAB-23089	3016028015	array assay	A-AFFY-44	ArrayExpress	P-MTAB-23090	P-MTAB-23091	ftp://ftp.ebi.ac.uk/pub/databases/microarray/data/experiment/MTAB/E-MTAB-798/E-MTAB-798.raw.40.zip	amiodarone	ChEMBL	CHEMBL633	none	  	  	24	hour
003016027026.CEL	TG_hum_vit_AM_Low_2hr_1	Yes	5098041LRA	Homo sapiens	5098041LRA	adult	female	wild type genotype	liver	hepatocyte	amiodarone	amiodarone-Low	cell	P-MTAB-23086	P-MTAB-23087	5098041LRA	P-MTAB-23090	5098041LRA	biotin	P-MTAB-23088	P-MTAB-23089	3016027026	array assay	A-AFFY-44	ArrayExpress	P-MTAB-23090	P-MTAB-23091	ftp://ftp.ebi.ac.uk/pub/databases/microarray/data/experiment/MTAB/E-MTAB-798/E-MTAB-798.raw.40.zip	amiodarone	ChEMBL	CHEMBL633	amiodarone	0.28	micromolar	2	hour
003016028001.CEL	TG_hum_vit_AM_Low_2hr_2	Yes	5098042LRA	Homo sapiens	5098042LRA	adult	female	wild type genotype	liver	hepatocyte	amiodarone	amiodarone-Low	cell	P-MTAB-23086	P-MTAB-23087	5098042LRA	P-MTAB-23090	5098042LRA	biotin	P-MTAB-23088	P-MTAB-23089	3016028001	array assay	A-AFFY-44	ArrayExpress	P-MTAB-23090	P-MTAB-23091	ftp://ftp.ebi.ac.uk/pub/databases/microarray/data/experiment/MTAB/E-MTAB-798/E-MTAB-798.raw.40.zip	amiodarone	ChEMBL	CHEMBL633	amiodarone	0.28	micromolar	2	hour
003016028008.CEL	TG_hum_vit_AM_Low_8hr_1	Yes	5098051LRA	Homo sapiens	5098051LRA	adult	female	wild type genotype	liver	hepatocyte	amiodarone	amiodarone-Low	cell	P-MTAB-23086	P-MTAB-23087	5098051LRA	P-MTAB-23090	5098051LRA	biotin	P-MTAB-23088	P-MTAB-23089	3016028008	array assay	A-AFFY-44	ArrayExpress	P-MTAB-23090	P-MTAB-23091	ftp://ftp.ebi.ac.uk/pub/databases/microarray/data/experiment/MTAB/E-MTAB-798/E-MTAB-798.raw.40.zip	amiodarone	ChEMBL	CHEMBL633	amiodarone	0.28	micromolar	8	hour
003016028009.CEL	TG_hum_vit_AM_Low_8hr_2	Yes	5098052LRA	Homo sapiens	5098052LRA	adult	female	wild type genotype	liver	hepatocyte	amiodarone	amiodarone-Low	cell	P-MTAB-23086	P-MTAB-23087	5098052LRA	P-MTAB-23090	5098052LRA	biotin	P-MTAB-23088	P-MTAB-23089	3016028009	array assay	A-AFFY-44	ArrayExpress	P-MTAB-23090	P-MTAB-23091	ftp://ftp.ebi.ac.uk/pub/databases/microarray/data/experiment/MTAB/E-MTAB-798/E-MTAB-798.raw.40.zip	amiodarone	ChEMBL	CHEMBL633	amiodarone	0.28	micromolar	8	hour
003016028016.CEL	TG_hum_vit_AM_Low_24hr_1	Yes	5098061LRA	Homo sapiens	5098061LRA	adult	female	wild type genotype	liver	hepatocyte	amiodarone	amiodarone-Low	cell	P-MTAB-23086	P-MTAB-23087	5098061LRA	P-MTAB-23090	5098061LRA	biotin	P-MTAB-23088	P-MTAB-23089	3016028016	array assay	A-AFFY-44	ArrayExpress	P-MTAB-23090	P-MTAB-23091	ftp://ftp.ebi.ac.uk/pub/databases/microarray/data/experiment/MTAB/E-MTAB-798/E-MTAB-798.raw.40.zip	amiodarone	ChEMBL	CHEMBL633	amiodarone	0.28	micromolar	24	hour
003016028017.CEL	TG_hum_vit_AM_Low_24hr_2	Yes	5098062LRA	Homo sapiens	5098062LRA	adult	female	wild type genotype	liver	hepatocyte	amiodarone	amiodarone-Low	cell	P-MTAB-23086	P-MTAB-23087	5098062LRA	P-MTAB-23090	5098062LRA	biotin	P-MTAB-23088	P-MTAB-23089	3016028017	array assay	A-AFFY-44	ArrayExpress	P-MTAB-23090	P-MTAB-23091	ftp://ftp.ebi.ac.uk/pub/databases/microarray/data/experiment/MTAB/E-MTAB-798/E-MTAB-798.raw.40.zip	amiodarone	ChEMBL	CHEMBL633	amiodarone	0.28	micromolar	24	hour
003016028002.CEL	TG_hum_vit_AM_Mid_2hr_1	Yes	5098071LRA	Homo sapiens	5098071LRA	adult	female	wild type genotype	liver	hepatocyte	amiodarone	amiodarone-Middle	cell	P-MTAB-23086	P-MTAB-23087	5098071LRA	P-MTAB-23090	5098071LRA	biotin	P-MTAB-23088	P-MTAB-23089	3016028002	array assay	A-AFFY-44	ArrayExpress	P-MTAB-23090	P-MTAB-23091	ftp://ftp.ebi.ac.uk/pub/databases/microarray/data/experiment/MTAB/E-MTAB-798/E-MTAB-798.raw.40.zip	amiodarone	ChEMBL	CHEMBL633	amiodarone	1.4	micromolar	2	hour
003016028003.CEL	TG_hum_vit_AM_Mid_2hr_2	Yes	5098072LRA	Homo sapiens	5098072LRA	adult	female	wild type genotype	liver	hepatocyte	amiodarone	amiodarone-Middle	cell	P-MTAB-23086	P-MTAB-23087	5098072LRA	P-MTAB-23090	5098072LRA	biotin	P-MTAB-23088	P-MTAB-23089	3016028003	array assay	A-AFFY-44	ArrayExpress	P-MTAB-23090	P-MTAB-23091	ftp://ftp.ebi.ac.uk/pub/databases/microarray/data/experiment/MTAB/E-MTAB-798/E-MTAB-798.raw.40.zip	amiodarone	ChEMBL	CHEMBL633	amiodarone	1.4	micromolar	2	hour
003016028010.CEL	TG_hum_vit_AM_Mid_8hr_1	Yes	5098081LRA	Homo sapiens	5098081LRA	adult	female	wild type genotype	liver	hepatocyte	amiodarone	amiodarone-Middle	cell	P-MTAB-23086	P-MTAB-23087	5098081LRA	P-MTAB-23090	5098081LRA	biotin	P-MTAB-23088	P-MTAB-23089	3016028010	array assay	A-AFFY-44	ArrayExpress	P-MTAB-23090	P-MTAB-23091	ftp://ftp.ebi.ac.uk/pub/databases/microarray/data/experiment/MTAB/E-MTAB-798/E-MTAB-798.raw.40.zip	amiodarone	ChEMBL	CHEMBL633	amiodarone	1.4	micromolar	8	hour
003016028011.CEL	TG_hum_vit_AM_Mid_8hr_2	Yes	5098082LRA	Homo sapiens	5098082LRA	adult	female	wild type genotype	liver	hepatocyte	amiodarone	amiodarone-Middle	cell	P-MTAB-23086	P-MTAB-23087	5098082LRA	P-MTAB-23090	5098082LRA	biotin	P-MTAB-23088	P-MTAB-23089	3016028011	array assay	A-AFFY-44	ArrayExpress	P-MTAB-23090	P-MTAB-23091	ftp://ftp.ebi.ac.uk/pub/databases/microarray/data/experiment/MTAB/E-MTAB-798/E-MTAB-798.raw.40.zip	amiodarone	ChEMBL	CHEMBL633	amiodarone	1.4	micromolar	8	hour
003016028018.CEL	TG_hum_vit_AM_Mid_24hr_1	Yes	5098091LRA	Homo sapiens	5098091LRA	adult	female	wild type genotype	liver	hepatocyte	amiodarone	amiodarone-Middle	cell	P-MTAB-23086	P-MTAB-23087	5098091LRA	P-MTAB-23090	5098091LRA	biotin	P-MTAB-23088	P-MTAB-23089	3016028018	array assay	A-AFFY-44	ArrayExpress	P-MTAB-23090	P-MTAB-23091	ftp://ftp.ebi.ac.uk/pub/databases/microarray/data/experiment/MTAB/E-MTAB-798/E-MTAB-798.raw.40.zip	amiodarone	ChEMBL	CHEMBL633	amiodarone	1.4	micromolar	24	hour
003016028019.CEL	TG_hum_vit_AM_Mid_24hr_2	Yes	5098092LRA	Homo sapiens	5098092LRA	adult	female	wild type genotype	liver	hepatocyte	amiodarone	amiodarone-Middle	cell	P-MTAB-23086	P-MTAB-23087	5098092LRA	P-MTAB-23090	5098092LRA	biotin	P-MTAB-23088	P-MTAB-23089	3016028019	array assay	A-AFFY-44	ArrayExpress	P-MTAB-23090	P-MTAB-23091	ftp://ftp.ebi.ac.uk/pub/databases/microarray/data/experiment/MTAB/E-MTAB-798/E-MTAB-798.raw.40.zip	amiodarone	ChEMBL	CHEMBL633	amiodarone	1.4	micromolar	24	hour
003016028004.CEL	TG_hum_vit_AM_High_2hr_1	Yes	5098101LRA	Homo sapiens	5098101LRA	adult	female	wild type genotype	liver	hepatocyte	amiodarone	amiodarone-High	cell	P-MTAB-23086	P-MTAB-23087	5098101LRA	P-MTAB-23090	5098101LRA	biotin	P-MTAB-23088	P-MTAB-23089	3016028004	array assay	A-AFFY-44	ArrayExpress	P-MTAB-23090	P-MTAB-23091	ftp://ftp.ebi.ac.uk/pub/databases/microarray/data/experiment/MTAB/E-MTAB-798/E-MTAB-798.raw.40.zip	amiodarone	ChEMBL	CHEMBL633	amiodarone	7	micromolar	2	hour
003016028005.CEL	TG_hum_vit_AM_High_2hr_2	Yes	5098102LRA	Homo sapiens	5098102LRA	adult	female	wild type genotype	liver	hepatocyte	amiodarone	amiodarone-High	cell	P-MTAB-23086	P-MTAB-23087	5098102LRA	P-MTAB-23090	5098102LRA	biotin	P-MTAB-23088	P-MTAB-23089	3016028005	array assay	A-AFFY-44	ArrayExpress	P-MTAB-23090	P-MTAB-23091	ftp://ftp.ebi.ac.uk/pub/databases/microarray/data/experiment/MTAB/E-MTAB-798/E-MTAB-798.raw.40.zip	amiodarone	ChEMBL	CHEMBL633	amiodarone	7	micromolar	2	hour
003016028012.CEL	TG_hum_vit_AM_High_8hr_1	Yes	5098111LRA	Homo sapiens	5098111LRA	adult	female	wild type genotype	liver	hepatocyte	amiodarone	amiodarone-High	cell	P-MTAB-23086	P-MTAB-23087	5098111LRA	P-MTAB-23090	5098111LRA	biotin	P-MTAB-23088	P-MTAB-23089	3016028012	array assay	A-AFFY-44	ArrayExpress	P-MTAB-23090	P-MTAB-23091	ftp://ftp.ebi.ac.uk/pub/databases/microarray/data/experiment/MTAB/E-MTAB-798/E-MTAB-798.raw.40.zip	amiodarone	ChEMBL	CHEMBL633	amiodarone	7	micromolar	8	hour
003016028013.CEL	TG_hum_vit_AM_High_8hr_2	Yes	5098112LRA	Homo sapiens	5098112LRA	adult	female	wild type genotype	liver	hepatocyte	amiodarone	amiodarone-High	cell	P-MTAB-23086	P-MTAB-23087	5098112LRA	P-MTAB-23090	5098112LRA	biotin	P-MTAB-23088	P-MTAB-23089	3016028013	array assay	A-AFFY-44	ArrayExpress	P-MTAB-23090	P-MTAB-23091	ftp://ftp.ebi.ac.uk/pub/databases/microarray/data/experiment/MTAB/E-MTAB-798/E-MTAB-798.raw.40.zip	amiodarone	ChEMBL	CHEMBL633	amiodarone	7	micromolar	8	hour
003016028020.CEL	TG_hum_vit_AM_High_24hr_1	Yes	5098121LRA	Homo sapiens	5098121LRA	adult	female	wild type genotype	liver	hepatocyte	amiodarone	amiodarone-High	cell	P-MTAB-23086	P-MTAB-23087	5098121LRA	P-MTAB-23090	5098121LRA	biotin	P-MTAB-23088	P-MTAB-23089	3016028020	array assay	A-AFFY-44	ArrayExpress	P-MTAB-23090	P-MTAB-23091	ftp://ftp.ebi.ac.uk/pub/databases/microarray/data/experiment/MTAB/E-MTAB-798/E-MTAB-798.raw.40.zip	amiodarone	ChEMBL	CHEMBL633	amiodarone	7	micromolar	24	hour
003016028021.CEL	TG_hum_vit_AM_High_24hr_2	Yes	5098122LRA	Homo sapiens	5098122LRA	adult	female	wild type genotype	liver	hepatocyte	amiodarone	amiodarone-High	cell	P-MTAB-23086	P-MTAB-23087	5098122LRA	P-MTAB-23090	5098122LRA	biotin	P-MTAB-23088	P-MTAB-23089	3016028021	array assay	A-AFFY-44	ArrayExpress	P-MTAB-23090	P-MTAB-23091	ftp://ftp.ebi.ac.uk/pub/databases/microarray/data/experiment/MTAB/E-MTAB-798/E-MTAB-798.raw.40.zip	amiodarone	ChEMBL	CHEMBL633	amiodarone	7	micromolar	24	hour
003016018004.CEL	TG_hum_vit_CCL4_Ctl_2hr_1	No	5068011LRA	Homo sapiens	5068011LRA	adult	female	wild type genotype	liver	hepatocyte	carbon tetrachloride	carbon tetrachloride-Control	cell	P-MTAB-23086	P-MTAB-23087	5068011LRA	P-MTAB-23090	5068011LRA	biotin	P-MTAB-23088	P-MTAB-23089	3016018004	array assay	A-AFFY-44	ArrayExpress	P-MTAB-23090	P-MTAB-23091	ftp://ftp.ebi.ac.uk/pub/databases/microarray/data/experiment/MTAB/E-MTAB-798/E-MTAB-798.raw.29.zip	carbon tetrachloride	ChEMBL	CHEMBL44814	none	  	  	2	hour
003016018005.CEL	TG_hum_vit_CCL4_Ctl_2hr_2	No	5068012LRA	Homo sapiens	5068012LRA	adult	female	wild type genotype	liver	hepatocyte	carbon tetrachloride	carbon tetrachloride-Control	cell	P-MTAB-23086	P-MTAB-23087	5068012LRA	P-MTAB-23090	5068012LRA	biotin	P-MTAB-23088	P-MTAB-23089	3016018005	array assay	A-AFFY-44	ArrayExpress	P-MTAB-23090	P-MTAB-23091	ftp://ftp.ebi.ac.uk/pub/databases/microarray/data/experiment/MTAB/E-MTAB-798/E-MTAB-798.raw.29.zip	carbon tetrachloride	ChEMBL	CHEMBL44814	none	  	  	2	hour
003016018012.CEL	TG_hum_vit_CCL4_Ctl_8hr_1	No	5068021LRA	Homo sapiens	5068021LRA	adult	female	wild type genotype	liver	hepatocyte	carbon tetrachloride	carbon tetrachloride-Control	cell	P-MTAB-23086	P-MTAB-23087	5068021LRA	P-MTAB-23090	5068021LRA	biotin	P-MTAB-23088	P-MTAB-23089	3016018012	array assay	A-AFFY-44	ArrayExpress	P-MTAB-23090	P-MTAB-23091	ftp://ftp.ebi.ac.uk/pub/databases/microarray/data/experiment/MTAB/E-MTAB-798/E-MTAB-798.raw.29.zip	carbon tetrachloride	ChEMBL	CHEMBL44814	none	  	  	8	hour
003016018013.CEL	TG_hum_vit_CCL4_Ctl_8hr_2	No	5068022LRA	Homo sapiens	5068022LRA	adult	female	wild type genotype	liver	hepatocyte	carbon tetrachloride	carbon tetrachloride-Control	cell	P-MTAB-23086	P-MTAB-23087	5068022LRA	P-MTAB-23090	5068022LRA	biotin	P-MTAB-23088	P-MTAB-23089	3016018013	array assay	A-AFFY-44	ArrayExpress	P-MTAB-23090	P-MTAB-23091	ftp://ftp.ebi.ac.uk/pub/databases/microarray/data/experiment/MTAB/E-MTAB-798/E-MTAB-798.raw.29.zip	carbon tetrachloride	ChEMBL	CHEMBL44814	none	  	  	8	hour
003016018020.CEL	TG_hum_vit_CCL4_Ctl_24hr_1	No	5068031LRA	Homo sapiens	5068031LRA	adult	female	wild type genotype	liver	hepatocyte	carbon tetrachloride	carbon tetrachloride-Control	cell	P-MTAB-23086	P-MTAB-23087	5068031LRA	P-MTAB-23090	5068031LRA	biotin	P-MTAB-23088	P-MTAB-23089	3016018020	array assay	A-AFFY-44	ArrayExpress	P-MTAB-23090	P-MTAB-23091	ftp://ftp.ebi.ac.uk/pub/databases/microarray/data/experiment/MTAB/E-MTAB-798/E-MTAB-798.raw.29.zip	carbon tetrachloride	ChEMBL	CHEMBL44814	none	  	  	24	hour
003016018021.CEL	TG_hum_vit_CCL4_Ctl_24hr_2	No	5068032LRA	Homo sapiens	5068032LRA	adult	female	wild type genotype	liver	hepatocyte	carbon tetrachloride	carbon tetrachloride-Control	cell	P-MTAB-23086	P-MTAB-23087	5068032LRA	P-MTAB-23090	5068032LRA	biotin	P-MTAB-23088	P-MTAB-23089	3016018021	array assay	A-AFFY-44	ArrayExpress	P-MTAB-23090	P-MTAB-23091	ftp://ftp.ebi.ac.uk/pub/databases/microarray/data/experiment/MTAB/E-MTAB-798/E-MTAB-798.raw.29.zip	carbon tetrachloride	ChEMBL	CHEMBL44814	none	  	  	24	hour
003016018006.CEL	TG_hum_vit_CCL4_Low_2hr_1	Yes	5068041LRA	Homo sapiens	5068041LRA	adult	female	wild type genotype	liver	hepatocyte	carbon tetrachloride	carbon tetrachloride-Low	cell	P-MTAB-23086	P-MTAB-23087	5068041LRA	P-MTAB-23090	5068041LRA	biotin	P-MTAB-23088	P-MTAB-23089	3016018006	array assay	A-AFFY-44	ArrayExpress	P-MTAB-23090	P-MTAB-23091	ftp://ftp.ebi.ac.uk/pub/databases/microarray/data/experiment/MTAB/E-MTAB-798/E-MTAB-798.raw.29.zip	carbon tetrachloride	ChEMBL	CHEMBL44814	carbon tetrachloride	300	micromolar	2	hour
003016018007.CEL	TG_hum_vit_CCL4_Low_2hr_2	Yes	5068042LRA	Homo sapiens	5068042LRA	adult	female	wild type genotype	liver	hepatocyte	carbon tetrachloride	carbon tetrachloride-Low	cell	P-MTAB-23086	P-MTAB-23087	5068042LRA	P-MTAB-23090	5068042LRA	biotin	P-MTAB-23088	P-MTAB-23089	3016018007	array assay	A-AFFY-44	ArrayExpress	P-MTAB-23090	P-MTAB-23091	ftp://ftp.ebi.ac.uk/pub/databases/microarray/data/experiment/MTAB/E-MTAB-798/E-MTAB-798.raw.29.zip	carbon tetrachloride	ChEMBL	CHEMBL44814	carbon tetrachloride	300	micromolar	2	hour
003016018014.CEL	TG_hum_vit_CCL4_Low_8hr_1	Yes	5068051LRA	Homo sapiens	5068051LRA	adult	female	wild type genotype	liver	hepatocyte	carbon tetrachloride	carbon tetrachloride-Low	cell	P-MTAB-23086	P-MTAB-23087	5068051LRA	P-MTAB-23090	5068051LRA	biotin	P-MTAB-23088	P-MTAB-23089	3016018014	array assay	A-AFFY-44	ArrayExpress	P-MTAB-23090	P-MTAB-23091	ftp://ftp.ebi.ac.uk/pub/databases/microarray/data/experiment/MTAB/E-MTAB-798/E-MTAB-798.raw.29.zip	carbon tetrachloride	ChEMBL	CHEMBL44814	carbon tetrachloride	300	micromolar	8	hour
003016018015.CEL	TG_hum_vit_CCL4_Low_8hr_2	Yes	5068052LRA	Homo sapiens	5068052LRA	adult	female	wild type genotype	liver	hepatocyte	carbon tetrachloride	carbon tetrachloride-Low	cell	P-MTAB-23086	P-MTAB-23087	5068052LRA	P-MTAB-23090	5068052LRA	biotin	P-MTAB-23088	P-MTAB-23089	3016018015	array assay	A-AFFY-44	ArrayExpress	P-MTAB-23090	P-MTAB-23091	ftp://ftp.ebi.ac.uk/pub/databases/microarray/data/experiment/MTAB/E-MTAB-798/E-MTAB-798.raw.29.zip	carbon tetrachloride	ChEMBL	CHEMBL44814	carbon tetrachloride	300	micromolar	8	hour
003016018022.CEL	TG_hum_vit_CCL4_Low_24hr_1	Yes	5068061LRA	Homo sapiens	5068061LRA	adult	female	wild type genotype	liver	hepatocyte	carbon tetrachloride	carbon tetrachloride-Low	cell	P-MTAB-23086	P-MTAB-23087	5068061LRA	P-MTAB-23090	5068061LRA	biotin	P-MTAB-23088	P-MTAB-23089	3016018022	array assay	A-AFFY-44	ArrayExpress	P-MTAB-23090	P-MTAB-23091	ftp://ftp.ebi.ac.uk/pub/databases/microarray/data/experiment/MTAB/E-MTAB-798/E-MTAB-798.raw.29.zip	carbon tetrachloride	ChEMBL	CHEMBL44814	carbon tetrachloride	300	micromolar	24	hour
003016018023.CEL	TG_hum_vit_CCL4_Low_24hr_2	Yes	5068062LRA	Homo sapiens	5068062LRA	adult	female	wild type genotype	liver	hepatocyte	carbon tetrachloride	carbon tetrachloride-Low	cell	P-MTAB-23086	P-MTAB-23087	5068062LRA	P-MTAB-23090	5068062LRA	biotin	P-MTAB-23088	P-MTAB-23089	3016018023	array assay	A-AFFY-44	ArrayExpress	P-MTAB-23090	P-MTAB-23091	ftp://ftp.ebi.ac.uk/pub/databases/microarray/data/experiment/MTAB/E-MTAB-798/E-MTAB-798.raw.29.zip	carbon tetrachloride	ChEMBL	CHEMBL44814	carbon tetrachloride	300	micromolar	24	hour
003016018008.CEL	TG_hum_vit_CCL4_Mid_2hr_1	Yes	5068071LRA	Homo sapiens	5068071LRA	adult	female	wild type genotype	liver	hepatocyte	carbon tetrachloride	carbon tetrachloride-Middle	cell	P-MTAB-23086	P-MTAB-23087	5068071LRA	P-MTAB-23090	5068071LRA	biotin	P-MTAB-23088	P-MTAB-23089	3016018008	array assay	A-AFFY-44	ArrayExpress	P-MTAB-23090	P-MTAB-23091	ftp://ftp.ebi.ac.uk/pub/databases/microarray/data/experiment/MTAB/E-MTAB-798/E-MTAB-798.raw.29.zip	carbon tetrachloride	ChEMBL	CHEMBL44814	carbon tetrachloride	1500	micromolar	2	hour
003016018009.CEL	TG_hum_vit_CCL4_Mid_2hr_2	Yes	5068072LRA	Homo sapiens	5068072LRA	adult	female	wild type genotype	liver	hepatocyte	carbon tetrachloride	carbon tetrachloride-Middle	cell	P-MTAB-23086	P-MTAB-23087	5068072LRA	P-MTAB-23090	5068072LRA	biotin	P-MTAB-23088	P-MTAB-23089	3016018009	array assay	A-AFFY-44	ArrayExpress	P-MTAB-23090	P-MTAB-23091	ftp://ftp.ebi.ac.uk/pub/databases/microarray/data/experiment/MTAB/E-MTAB-798/E-MTAB-798.raw.29.zip	carbon tetrachloride	ChEMBL	CHEMBL44814	carbon tetrachloride	1500	micromolar	2	hour
003016018016.CEL	TG_hum_vit_CCL4_Mid_8hr_1	Yes	5068081LRA	Homo sapiens	5068081LRA	adult	female	wild type genotype	liver	hepatocyte	carbon tetrachloride	carbon tetrachloride-Middle	cell	P-MTAB-23086	P-MTAB-23087	5068081LRA	P-MTAB-23090	5068081LRA	biotin	P-MTAB-23088	P-MTAB-23089	3016018016	array assay	A-AFFY-44	ArrayExpress	P-MTAB-23090	P-MTAB-23091	ftp://ftp.ebi.ac.uk/pub/databases/microarray/data/experiment/MTAB/E-MTAB-798/E-MTAB-798.raw.29.zip	carbon tetrachloride	ChEMBL	CHEMBL44814	carbon tetrachloride	1500	micromolar	8	hour
003016018017.CEL	TG_hum_vit_CCL4_Mid_8hr_2	Yes	5068082LRA	Homo sapiens	5068082LRA	adult	female	wild type genotype	liver	hepatocyte	carbon tetrachloride	carbon tetrachloride-Middle	cell	P-MTAB-23086	P-MTAB-23087	5068082LRA	P-MTAB-23090	5068082LRA	biotin	P-MTAB-23088	P-MTAB-23089	3016018017	array assay	A-AFFY-44	ArrayExpress	P-MTAB-23090	P-MTAB-23091	ftp://ftp.ebi.ac.uk/pub/databases/microarray/data/experiment/MTAB/E-MTAB-798/E-MTAB-798.raw.29.zip	carbon tetrachloride	ChEMBL	CHEMBL44814	carbon tetrachloride	1500	micromolar	8	hour
003016018024.CEL	TG_hum_vit_CCL4_Mid_24hr_1	Yes	5068091LRA	Homo sapiens	5068091LRA	adult	female	wild type genotype	liver	hepatocyte	carbon tetrachloride	carbon tetrachloride-Middle	cell	P-MTAB-23086	P-MTAB-23087	5068091LRA	P-MTAB-23090	5068091LRA	biotin	P-MTAB-23088	P-MTAB-23089	3016018024	array assay	A-AFFY-44	ArrayExpress	P-MTAB-23090	P-MTAB-23091	ftp://ftp.ebi.ac.uk/pub/databases/microarray/data/experiment/MTAB/E-MTAB-798/E-MTAB-798.raw.29.zip	carbon tetrachloride	ChEMBL	CHEMBL44814	carbon tetrachloride	1500	micromolar	24	hour
003016018025.CEL	TG_hum_vit_CCL4_Mid_24hr_2	Yes	5068092LRA	Homo sapiens	5068092LRA	adult	female	wild type genotype	liver	hepatocyte	carbon tetrachloride	carbon tetrachloride-Middle	cell	P-MTAB-23086	P-MTAB-23087	5068092LRA	P-MTAB-23090	5068092LRA	biotin	P-MTAB-23088	P-MTAB-23089	3016018025	array assay	A-AFFY-44	ArrayExpress	P-MTAB-23090	P-MTAB-23091	ftp://ftp.ebi.ac.uk/pub/databases/microarray/data/experiment/MTAB/E-MTAB-798/E-MTAB-798.raw.29.zip	carbon tetrachloride	ChEMBL	CHEMBL44814	carbon tetrachloride	1500	micromolar	24	hour
003016018010.CEL	TG_hum_vit_CCL4_High_2hr_1	Yes	5068101LRA	Homo sapiens	5068101LRA	adult	female	wild type genotype	liver	hepatocyte	carbon tetrachloride	carbon tetrachloride-High	cell	P-MTAB-23086	P-MTAB-23087	5068101LRA	P-MTAB-23090	5068101LRA	biotin	P-MTAB-23088	P-MTAB-23089	3016018010	array assay	A-AFFY-44	ArrayExpress	P-MTAB-23090	P-MTAB-23091	ftp://ftp.ebi.ac.uk/pub/databases/microarray/data/experiment/MTAB/E-MTAB-798/E-MTAB-798.raw.29.zip	carbon tetrachloride	ChEMBL	CHEMBL44814	carbon tetrachloride	7500	micromolar	2	hour
003016018011.CEL	TG_hum_vit_CCL4_High_2hr_2	Yes	5068102LRA	Homo sapiens	5068102LRA	adult	female	wild type genotype	liver	hepatocyte	carbon tetrachloride	carbon tetrachloride-High	cell	P-MTAB-23086	P-MTAB-23087	5068102LRA	P-MTAB-23090	5068102LRA	biotin	P-MTAB-23088	P-MTAB-23089	3016018011	array assay	A-AFFY-44	ArrayExpress	P-MTAB-23090	P-MTAB-23091	ftp://ftp.ebi.ac.uk/pub/databases/microarray/data/experiment/MTAB/E-MTAB-798/E-MTAB-798.raw.30.zip	carbon tetrachloride	ChEMBL	CHEMBL44814	carbon tetrachloride	7500	micromolar	2	hour
003016018018.CEL	TG_hum_vit_CCL4_High_8hr_1	Yes	5068111LRA	Homo sapiens	5068111LRA	adult	female	wild type genotype	liver	hepatocyte	carbon tetrachloride	carbon tetrachloride-High	cell	P-MTAB-23086	P-MTAB-23087	5068111LRA	P-MTAB-23090	5068111LRA	biotin	P-MTAB-23088	P-MTAB-23089	3016018018	array assay	A-AFFY-44	ArrayExpress	P-MTAB-23090	P-MTAB-23091	ftp://ftp.ebi.ac.uk/pub/databases/microarray/data/experiment/MTAB/E-MTAB-798/E-MTAB-798.raw.30.zip	carbon tetrachloride	ChEMBL	CHEMBL44814	carbon tetrachloride	7500	micromolar	8	hour
003016018019.CEL	TG_hum_vit_CCL4_High_8hr_2	Yes	5068112LRA	Homo sapiens	5068112LRA	adult	female	wild type genotype	liver	hepatocyte	carbon tetrachloride	carbon tetrachloride-High	cell	P-MTAB-23086	P-MTAB-23087	5068112LRA	P-MTAB-23090	5068112LRA	biotin	P-MTAB-23088	P-MTAB-23089	3016018019	array assay	A-AFFY-44	ArrayExpress	P-MTAB-23090	P-MTAB-23091	ftp://ftp.ebi.ac.uk/pub/databases/microarray/data/experiment/MTAB/E-MTAB-798/E-MTAB-798.raw.30.zip	carbon tetrachloride	ChEMBL	CHEMBL44814	carbon tetrachloride	7500	micromolar	8	hour
003016018026.CEL	TG_hum_vit_CCL4_High_24hr_1	Yes	5068121LRA	Homo sapiens	5068121LRA	adult	female	wild type genotype	liver	hepatocyte	carbon tetrachloride	carbon tetrachloride-High	cell	P-MTAB-23086	P-MTAB-23087	5068121LRA	P-MTAB-23090	5068121LRA	biotin	P-MTAB-23088	P-MTAB-23089	3016018026	array assay	A-AFFY-44	ArrayExpress	P-MTAB-23090	P-MTAB-23091	ftp://ftp.ebi.ac.uk/pub/databases/microarray/data/experiment/MTAB/E-MTAB-798/E-MTAB-798.raw.30.zip	carbon tetrachloride	ChEMBL	CHEMBL44814	carbon tetrachloride	7500	micromolar	24	hour
003016018027.CEL	TG_hum_vit_CCL4_High_24hr_2	Yes	5068122LRA	Homo sapiens	5068122LRA	adult	female	wild type genotype	liver	hepatocyte	carbon tetrachloride	carbon tetrachloride-High	cell	P-MTAB-23086	P-MTAB-23087	5068122LRA	P-MTAB-23090	5068122LRA	biotin	P-MTAB-23088	P-MTAB-23089	3016018027	array assay	A-AFFY-44	ArrayExpress	P-MTAB-23090	P-MTAB-23091	ftp://ftp.ebi.ac.uk/pub/databases/microarray/data/experiment/MTAB/E-MTAB-798/E-MTAB-798.raw.30.zip	carbon tetrachloride	ChEMBL	CHEMBL44814	carbon tetrachloride	7500	micromolar	24	hour
003016075024.CEL	TG_hum_vit_COL_Ctl_8hr_1	No	5263011LRA	Homo sapiens	5263011LRA	adult	female	wild type genotype	liver	hepatocyte	colchicine	colchicine-Control	cell	P-MTAB-23086	P-MTAB-23087	5263011LRA	P-MTAB-23090	5263011LRA	biotin	P-MTAB-23088	P-MTAB-23089	3016075024	array assay	A-AFFY-44	ArrayExpress	P-MTAB-23090	P-MTAB-23091	ftp://ftp.ebi.ac.uk/pub/databases/microarray/data/experiment/MTAB/E-MTAB-798/E-MTAB-798.raw.1.zip	colchicine	ChEMBL	CHEMBL107	none	  	  	8	hour
003016075025.CEL	TG_hum_vit_COL_Ctl_8hr_2	No	5263012LRA	Homo sapiens	5263012LRA	adult	female	wild type genotype	liver	hepatocyte	colchicine	colchicine-Control	cell	P-MTAB-23086	P-MTAB-23087	5263012LRA	P-MTAB-23090	5263012LRA	biotin	P-MTAB-23088	P-MTAB-23089	3016075025	array assay	A-AFFY-44	ArrayExpress	P-MTAB-23090	P-MTAB-23091	ftp://ftp.ebi.ac.uk/pub/databases/microarray/data/experiment/MTAB/E-MTAB-798/E-MTAB-798.raw.1.zip	colchicine	ChEMBL	CHEMBL107	none	  	  	8	hour
003016075030.CEL	TG_hum_vit_COL_Ctl_24hr_1	No	5263021LRA	Homo sapiens	5263021LRA	adult	female	wild type genotype	liver	hepatocyte	colchicine	colchicine-Control	cell	P-MTAB-23086	P-MTAB-23087	5263021LRA	P-MTAB-23090	5263021LRA	biotin	P-MTAB-23088	P-MTAB-23089	3016075030	array assay	A-AFFY-44	ArrayExpress	P-MTAB-23090	P-MTAB-23091	ftp://ftp.ebi.ac.uk/pub/databases/microarray/data/experiment/MTAB/E-MTAB-798/E-MTAB-798.raw.1.zip	colchicine	ChEMBL	CHEMBL107	none	  	  	24	hour
003016076030.CEL	TG_hum_vit_COL_Ctl_24hr_2	No	5263022LRA	Homo sapiens	5263022LRA	adult	female	wild type genotype	liver	hepatocyte	colchicine	colchicine-Control	cell	P-MTAB-23086	P-MTAB-23087	5263022LRA	P-MTAB-23090	5263022LRA	biotin	P-MTAB-23088	P-MTAB-23089	3016076030	array assay	A-AFFY-44	ArrayExpress	P-MTAB-23090	P-MTAB-23091	ftp://ftp.ebi.ac.uk/pub/databases/microarray/data/experiment/MTAB/E-MTAB-798/E-MTAB-798.raw.2.zip	colchicine	ChEMBL	CHEMBL107	none	  	  	24	hour
003016075026.CEL	TG_hum_vit_COL_Mid_8hr_1	No	5263031LRA	Homo sapiens	5263031LRA	adult	female	wild type genotype	liver	hepatocyte	colchicine	colchicine-Middle	cell	P-MTAB-23086	P-MTAB-23087	5263031LRA	P-MTAB-23090	5263031LRA	biotin	P-MTAB-23088	P-MTAB-23089	3016075026	array assay	A-AFFY-44	ArrayExpress	P-MTAB-23090	P-MTAB-23091	ftp://ftp.ebi.ac.uk/pub/databases/microarray/data/experiment/MTAB/E-MTAB-798/E-MTAB-798.raw.2.zip	colchicine	ChEMBL	CHEMBL107	colchicine	800	micromolar	8	hour
003016075027.CEL	TG_hum_vit_COL_Mid_8hr_2	No	5263032LRA	Homo sapiens	5263032LRA	adult	female	wild type genotype	liver	hepatocyte	colchicine	colchicine-Middle	cell	P-MTAB-23086	P-MTAB-23087	5263032LRA	P-MTAB-23090	5263032LRA	biotin	P-MTAB-23088	P-MTAB-23089	3016075027	array assay	A-AFFY-44	ArrayExpress	P-MTAB-23090	P-MTAB-23091	ftp://ftp.ebi.ac.uk/pub/databases/microarray/data/experiment/MTAB/E-MTAB-798/E-MTAB-798.raw.2.zip	colchicine	ChEMBL	CHEMBL107	colchicine	800	micromolar	8	hour
003016076002.CEL	TG_hum_vit_COL_Mid_24hr_1	No	5263041LRA	Homo sapiens	5263041LRA	adult	female	wild type genotype	liver	hepatocyte	colchicine	colchicine-Middle	cell	P-MTAB-23086	P-MTAB-23087	5263041LRA	P-MTAB-23090	5263041LRA	biotin	P-MTAB-23088	P-MTAB-23089	3016076002	array assay	A-AFFY-44	ArrayExpress	P-MTAB-23090	P-MTAB-23091	ftp://ftp.ebi.ac.uk/pub/databases/microarray/data/experiment/MTAB/E-MTAB-798/E-MTAB-798.raw.2.zip	colchicine	ChEMBL	CHEMBL107	colchicine	800	micromolar	24	hour
003016076003.CEL	TG_hum_vit_COL_Mid_24hr_2	No	5263042LRA	Homo sapiens	5263042LRA	adult	female	wild type genotype	liver	hepatocyte	colchicine	colchicine-Middle	cell	P-MTAB-23086	P-MTAB-23087	5263042LRA	P-MTAB-23090	5263042LRA	biotin	P-MTAB-23088	P-MTAB-23089	3016076003	array assay	A-AFFY-44	ArrayExpress	P-MTAB-23090	P-MTAB-23091	ftp://ftp.ebi.ac.uk/pub/databases/microarray/data/experiment/MTAB/E-MTAB-798/E-MTAB-798.raw.2.zip	colchicine	ChEMBL	CHEMBL107	colchicine	800	micromolar	24	hour
003016075028.CEL	TG_hum_vit_COL_High_8hr_1	No	5263051LRA	Homo sapiens	5263051LRA	adult	female	wild type genotype	liver	hepatocyte	colchicine	colchicine-High	cell	P-MTAB-23086	P-MTAB-23087	5263051LRA	P-MTAB-23090	5263051LRA	biotin	P-MTAB-23088	P-MTAB-23089	3016075028	array assay	A-AFFY-44	ArrayExpress	P-MTAB-23090	P-MTAB-23091	ftp://ftp.ebi.ac.uk/pub/databases/microarray/data/experiment/MTAB/E-MTAB-798/E-MTAB-798.raw.2.zip	colchicine	ChEMBL	CHEMBL107	colchicine	4000	micromolar	8	hour
003016075029.CEL	TG_hum_vit_COL_High_8hr_2	No	5263052LRA	Homo sapiens	5263052LRA	adult	female	wild type genotype	liver	hepatocyte	colchicine	colchicine-High	cell	P-MTAB-23086	P-MTAB-23087	5263052LRA	P-MTAB-23090	5263052LRA	biotin	P-MTAB-23088	P-MTAB-23089	3016075029	array assay	A-AFFY-44	ArrayExpress	P-MTAB-23090	P-MTAB-23091	ftp://ftp.ebi.ac.uk/pub/databases/microarray/data/experiment/MTAB/E-MTAB-798/E-MTAB-798.raw.2.zip	colchicine	ChEMBL	CHEMBL107	colchicine	4000	micromolar	8	hour
003016076004.CEL	TG_hum_vit_COL_High_24hr_1	No	5263061LRA	Homo sapiens	5263061LRA	adult	female	wild type genotype	liver	hepatocyte	colchicine	colchicine-High	cell	P-MTAB-23086	P-MTAB-23087	5263061LRA	P-MTAB-23090	5263061LRA	biotin	P-MTAB-23088	P-MTAB-23089	3016076004	array assay	A-AFFY-44	ArrayExpress	P-MTAB-23090	P-MTAB-23091	ftp://ftp.ebi.ac.uk/pub/databases/microarray/data/experiment/MTAB/E-MTAB-798/E-MTAB-798.raw.2.zip	colchicine	ChEMBL	CHEMBL107	colchicine	4000	micromolar	24	hour
003016076005.CEL	TG_hum_vit_COL_High_24hr_2	No	5263062LRA	Homo sapiens	5263062LRA	adult	female	wild type genotype	liver	hepatocyte	colchicine	colchicine-High	cell	P-MTAB-23086	P-MTAB-23087	5263062LRA	P-MTAB-23090	5263062LRA	biotin	P-MTAB-23088	P-MTAB-23089	3016076005	array assay	A-AFFY-44	ArrayExpress	P-MTAB-23090	P-MTAB-23091	ftp://ftp.ebi.ac.uk/pub/databases/microarray/data/experiment/MTAB/E-MTAB-798/E-MTAB-798.raw.2.zip	colchicine	ChEMBL	CHEMBL107	colchicine	4000	micromolar	24	hour
003016065008.CEL	TG_hum_vit_IMI_Ctl_8hr_1	No	5233011LRA	Homo sapiens	5233011LRA	adult	female	wild type genotype	liver	hepatocyte	imipramine	imipramine-Control	cell	P-MTAB-23086	P-MTAB-23087	5233011LRA	P-MTAB-23090	5233011LRA	biotin	P-MTAB-23088	P-MTAB-23089	3016065008	array assay	A-AFFY-44	ArrayExpress	P-MTAB-23090	P-MTAB-23091	ftp://ftp.ebi.ac.uk/pub/databases/microarray/data/experiment/MTAB/E-MTAB-798/E-MTAB-798.raw.3.zip	imipramine	ChEMBL	CHEMBL11	none	  	  	8	hour
003016065009.CEL	TG_hum_vit_IMI_Ctl_8hr_2	No	5233012LRA	Homo sapiens	5233012LRA	adult	female	wild type genotype	liver	hepatocyte	imipramine	imipramine-Control	cell	P-MTAB-23086	P-MTAB-23087	5233012LRA	P-MTAB-23090	5233012LRA	biotin	P-MTAB-23088	P-MTAB-23089	3016065009	array assay	A-AFFY-44	ArrayExpress	P-MTAB-23090	P-MTAB-23091	ftp://ftp.ebi.ac.uk/pub/databases/microarray/data/experiment/MTAB/E-MTAB-798/E-MTAB-798.raw.3.zip	imipramine	ChEMBL	CHEMBL11	none	  	  	8	hour
003016065014.CEL	TG_hum_vit_IMI_Ctl_24hr_1	No	5233021LRA	Homo sapiens	5233021LRA	adult	female	wild type genotype	liver	hepatocyte	imipramine	imipramine-Control	cell	P-MTAB-23086	P-MTAB-23087	5233021LRA	P-MTAB-23090	5233021LRA	biotin	P-MTAB-23088	P-MTAB-23089	3016065014	array assay	A-AFFY-44	ArrayExpress	P-MTAB-23090	P-MTAB-23091	ftp://ftp.ebi.ac.uk/pub/databases/microarray/data/experiment/MTAB/E-MTAB-798/E-MTAB-798.raw.3.zip	imipramine	ChEMBL	CHEMBL11	none	  	  	24	hour
003016065015.CEL	TG_hum_vit_IMI_Ctl_24hr_2	No	5233022LRA	Homo sapiens	5233022LRA	adult	female	wild type genotype	liver	hepatocyte	imipramine	imipramine-Control	cell	P-MTAB-23086	P-MTAB-23087	5233022LRA	P-MTAB-23090	5233022LRA	biotin	P-MTAB-23088	P-MTAB-23089	3016065015	array assay	A-AFFY-44	ArrayExpress	P-MTAB-23090	P-MTAB-23091	ftp://ftp.ebi.ac.uk/pub/databases/microarray/data/experiment/MTAB/E-MTAB-798/E-MTAB-798.raw.3.zip	imipramine	ChEMBL	CHEMBL11	none	  	  	24	hour
003016065010.CEL	TG_hum_vit_IMI_Mid_8hr_1	No	5233031LRA	Homo sapiens	5233031LRA	adult	female	wild type genotype	liver	hepatocyte	imipramine	imipramine-Middle	cell	P-MTAB-23086	P-MTAB-23087	5233031LRA	P-MTAB-23090	5233031LRA	biotin	P-MTAB-23088	P-MTAB-23089	3016065010	array assay	A-AFFY-44	ArrayExpress	P-MTAB-23090	P-MTAB-23091	ftp://ftp.ebi.ac.uk/pub/databases/microarray/data/experiment/MTAB/E-MTAB-798/E-MTAB-798.raw.3.zip	imipramine	ChEMBL	CHEMBL11	imipramine	3	micromolar	8	hour
003016065011.CEL	TG_hum_vit_IMI_Mid_8hr_2	No	5233032LRA	Homo sapiens	5233032LRA	adult	female	wild type genotype	liver	hepatocyte	imipramine	imipramine-Middle	cell	P-MTAB-23086	P-MTAB-23087	5233032LRA	P-MTAB-23090	5233032LRA	biotin	P-MTAB-23088	P-MTAB-23089	3016065011	array assay	A-AFFY-44	ArrayExpress	P-MTAB-23090	P-MTAB-23091	ftp://ftp.ebi.ac.uk/pub/databases/microarray/data/experiment/MTAB/E-MTAB-798/E-MTAB-798.raw.3.zip	imipramine	ChEMBL	CHEMBL11	imipramine	3	micromolar	8	hour
003016065016.CEL	TG_hum_vit_IMI_Mid_24hr_1	No	5233041LRA	Homo sapiens	5233041LRA	adult	female	wild type genotype	liver	hepatocyte	imipramine	imipramine-Middle	cell	P-MTAB-23086	P-MTAB-23087	5233041LRA	P-MTAB-23090	5233041LRA	biotin	P-MTAB-23088	P-MTAB-23089	3016065016	array assay	A-AFFY-44	ArrayExpress	P-MTAB-23090	P-MTAB-23091	ftp://ftp.ebi.ac.uk/pub/databases/microarray/data/experiment/MTAB/E-MTAB-798/E-MTAB-798.raw.3.zip	imipramine	ChEMBL	CHEMBL11	imipramine	3	micromolar	24	hour
003016065017.CEL	TG_hum_vit_IMI_Mid_24hr_2	No	5233042LRA	Homo sapiens	5233042LRA	adult	female	wild type genotype	liver	hepatocyte	imipramine	imipramine-Middle	cell	P-MTAB-23086	P-MTAB-23087	5233042LRA	P-MTAB-23090	5233042LRA	biotin	P-MTAB-23088	P-MTAB-23089	3016065017	array assay	A-AFFY-44	ArrayExpress	P-MTAB-23090	P-MTAB-23091	ftp://ftp.ebi.ac.uk/pub/databases/microarray/data/experiment/MTAB/E-MTAB-798/E-MTAB-798.raw.3.zip	imipramine	ChEMBL	CHEMBL11	imipramine	3	micromolar	24	hour
003016065012.CEL	TG_hum_vit_IMI_High_8hr_1	No	5233051LRA	Homo sapiens	5233051LRA	adult	female	wild type genotype	liver	hepatocyte	imipramine	imipramine-High	cell	P-MTAB-23086	P-MTAB-23087	5233051LRA	P-MTAB-23090	5233051LRA	biotin	P-MTAB-23088	P-MTAB-23089	3016065012	array assay	A-AFFY-44	ArrayExpress	P-MTAB-23090	P-MTAB-23091	ftp://ftp.ebi.ac.uk/pub/databases/microarray/data/experiment/MTAB/E-MTAB-798/E-MTAB-798.raw.3.zip	imipramine	ChEMBL	CHEMBL11	imipramine	15	micromolar	8	hour
003016065013.CEL	TG_hum_vit_IMI_High_8hr_2	No	5233052LRA	Homo sapiens	5233052LRA	adult	female	wild type genotype	liver	hepatocyte	imipramine	imipramine-High	cell	P-MTAB-23086	P-MTAB-23087	5233052LRA	P-MTAB-23090	5233052LRA	biotin	P-MTAB-23088	P-MTAB-23089	3016065013	array assay	A-AFFY-44	ArrayExpress	P-MTAB-23090	P-MTAB-23091	ftp://ftp.ebi.ac.uk/pub/databases/microarray/data/experiment/MTAB/E-MTAB-798/E-MTAB-798.raw.3.zip	imipramine	ChEMBL	CHEMBL11	imipramine	15	micromolar	8	hour
003016065018.CEL	TG_hum_vit_IMI_High_24hr_1	No	5233061LRA	Homo sapiens	5233061LRA	adult	female	wild type genotype	liver	hepatocyte	imipramine	imipramine-High	cell	P-MTAB-23086	P-MTAB-23087	5233061LRA	P-MTAB-23090	5233061LRA	biotin	P-MTAB-23088	P-MTAB-23089	3016065018	array assay	A-AFFY-44	ArrayExpress	P-MTAB-23090	P-MTAB-23091	ftp://ftp.ebi.ac.uk/pub/databases/microarray/data/experiment/MTAB/E-MTAB-798/E-MTAB-798.raw.3.zip	imipramine	ChEMBL	CHEMBL11	imipramine	15	micromolar	24	hour
003016065019.CEL	TG_hum_vit_IMI_High_24hr_2	No	5233062LRA	Homo sapiens	5233062LRA	adult	female	wild type genotype	liver	hepatocyte	imipramine	imipramine-High	cell	P-MTAB-23086	P-MTAB-23087	5233062LRA	P-MTAB-23090	5233062LRA	biotin	P-MTAB-23088	P-MTAB-23089	3016065019	array assay	A-AFFY-44	ArrayExpress	P-MTAB-23090	P-MTAB-23091	ftp://ftp.ebi.ac.uk/pub/databases/microarray/data/experiment/MTAB/E-MTAB-798/E-MTAB-798.raw.4.zip	imipramine	ChEMBL	CHEMBL11	imipramine	15	micromolar	24	hour
003016060014.CEL	TG_hum_vit_TMX_Ctl_8hr_1	No	5222011LRA	Homo sapiens	5222011LRA	adult	female	wild type genotype	liver	hepatocyte	tamoxifen	tamoxifen-Control	cell	P-MTAB-23086	P-MTAB-23087	5222011LRA	P-MTAB-23090	5222011LRA	biotin	P-MTAB-23088	P-MTAB-23089	3016060014	array assay	A-AFFY-44	ArrayExpress	P-MTAB-23090	P-MTAB-23091	ftp://ftp.ebi.ac.uk/pub/databases/microarray/data/experiment/MTAB/E-MTAB-798/E-MTAB-798.raw.47.zip	tamoxifen	ChEMBL	CHEMBL83	none	  	  	8	hour
003016060015.CEL	TG_hum_vit_TMX_Ctl_8hr_2	No	5222012LRA	Homo sapiens	5222012LRA	adult	female	wild type genotype	liver	hepatocyte	tamoxifen	tamoxifen-Control	cell	P-MTAB-23086	P-MTAB-23087	5222012LRA	P-MTAB-23090	5222012LRA	biotin	P-MTAB-23088	P-MTAB-23089	3016060015	array assay	A-AFFY-44	ArrayExpress	P-MTAB-23090	P-MTAB-23091	ftp://ftp.ebi.ac.uk/pub/databases/microarray/data/experiment/MTAB/E-MTAB-798/E-MTAB-798.raw.47.zip	tamoxifen	ChEMBL	CHEMBL83	none	  	  	8	hour
003016060020.CEL	TG_hum_vit_TMX_Ctl_24hr_1	No	5222021LRA	Homo sapiens	5222021LRA	adult	female	wild type genotype	liver	hepatocyte	tamoxifen	tamoxifen-Control	cell	P-MTAB-23086	P-MTAB-23087	5222021LRA	P-MTAB-23090	5222021LRA	biotin	P-MTAB-23088	P-MTAB-23089	3016060020	array assay	A-AFFY-44	ArrayExpress	P-MTAB-23090	P-MTAB-23091	ftp://ftp.ebi.ac.uk/pub/databases/microarray/data/experiment/MTAB/E-MTAB-798/E-MTAB-798.raw.47.zip	tamoxifen	ChEMBL	CHEMBL83	none	  	  	24	hour
003016060021.CEL	TG_hum_vit_TMX_Ctl_24hr_2	No	5222022LRA	Homo sapiens	5222022LRA	adult	female	wild type genotype	liver	hepatocyte	tamoxifen	tamoxifen-Control	cell	P-MTAB-23086	P-MTAB-23087	5222022LRA	P-MTAB-23090	5222022LRA	biotin	P-MTAB-23088	P-MTAB-23089	3016060021	array assay	A-AFFY-44	ArrayExpress	P-MTAB-23090	P-MTAB-23091	ftp://ftp.ebi.ac.uk/pub/databases/microarray/data/experiment/MTAB/E-MTAB-798/E-MTAB-798.raw.47.zip	tamoxifen	ChEMBL	CHEMBL83	none	  	  	24	hour
003016060016.CEL	TG_hum_vit_TMX_Mid_8hr_1	Yes	5222031LRA	Homo sapiens	5222031LRA	adult	female	wild type genotype	liver	hepatocyte	tamoxifen	tamoxifen-Middle	cell	P-MTAB-23086	P-MTAB-23087	5222031LRA	P-MTAB-23090	5222031LRA	biotin	P-MTAB-23088	P-MTAB-23089	3016060016	array assay	A-AFFY-44	ArrayExpress	P-MTAB-23090	P-MTAB-23091	ftp://ftp.ebi.ac.uk/pub/databases/microarray/data/experiment/MTAB/E-MTAB-798/E-MTAB-798.raw.47.zip	tamoxifen	ChEMBL	CHEMBL83	tamoxifen	5	micromolar	8	hour
003016060017.CEL	TG_hum_vit_TMX_Mid_8hr_2	Yes	5222032LRA	Homo sapiens	5222032LRA	adult	female	wild type genotype	liver	hepatocyte	tamoxifen	tamoxifen-Middle	cell	P-MTAB-23086	P-MTAB-23087	5222032LRA	P-MTAB-23090	5222032LRA	biotin	P-MTAB-23088	P-MTAB-23089	3016060017	array assay	A-AFFY-44	ArrayExpress	P-MTAB-23090	P-MTAB-23091	ftp://ftp.ebi.ac.uk/pub/databases/microarray/data/experiment/MTAB/E-MTAB-798/E-MTAB-798.raw.47.zip	tamoxifen	ChEMBL	CHEMBL83	tamoxifen	5	micromolar	8	hour
003016060022.CEL	TG_hum_vit_TMX_Mid_24hr_1	Yes	5222041LRA	Homo sapiens	5222041LRA	adult	female	wild type genotype	liver	hepatocyte	tamoxifen	tamoxifen-Middle	cell	P-MTAB-23086	P-MTAB-23087	5222041LRA	P-MTAB-23090	5222041LRA	biotin	P-MTAB-23088	P-MTAB-23089	3016060022	array assay	A-AFFY-44	ArrayExpress	P-MTAB-23090	P-MTAB-23091	ftp://ftp.ebi.ac.uk/pub/databases/microarray/data/experiment/MTAB/E-MTAB-798/E-MTAB-798.raw.47.zip	tamoxifen	ChEMBL	CHEMBL83	tamoxifen	5	micromolar	24	hour
003016060023.CEL	TG_hum_vit_TMX_Mid_24hr_2	Yes	5222042LRA	Homo sapiens	5222042LRA	adult	female	wild type genotype	liver	hepatocyte	tamoxifen	tamoxifen-Middle	cell	P-MTAB-23086	P-MTAB-23087	5222042LRA	P-MTAB-23090	5222042LRA	biotin	P-MTAB-23088	P-MTAB-23089	3016060023	array assay	A-AFFY-44	ArrayExpress	P-MTAB-23090	P-MTAB-23091	ftp://ftp.ebi.ac.uk/pub/databases/microarray/data/experiment/MTAB/E-MTAB-798/E-MTAB-798.raw.47.zip	tamoxifen	ChEMBL	CHEMBL83	tamoxifen	5	micromolar	24	hour
003016060018.CEL	TG_hum_vit_TMX_High_8hr_1	Yes	5222051LRA	Homo sapiens	5222051LRA	adult	female	wild type genotype	liver	hepatocyte	tamoxifen	tamoxifen-High	cell	P-MTAB-23086	P-MTAB-23087	5222051LRA	P-MTAB-23090	5222051LRA	biotin	P-MTAB-23088	P-MTAB-23089	3016060018	array assay	A-AFFY-44	ArrayExpress	P-MTAB-23090	P-MTAB-23091	ftp://ftp.ebi.ac.uk/pub/databases/microarray/data/experiment/MTAB/E-MTAB-798/E-MTAB-798.raw.47.zip	tamoxifen	ChEMBL	CHEMBL83	tamoxifen	25	micromolar	8	hour
003016060019.CEL	TG_hum_vit_TMX_High_8hr_2	Yes	5222052LRA	Homo sapiens	5222052LRA	adult	female	wild type genotype	liver	hepatocyte	tamoxifen	tamoxifen-High	cell	P-MTAB-23086	P-MTAB-23087	5222052LRA	P-MTAB-23090	5222052LRA	biotin	P-MTAB-23088	P-MTAB-23089	3016060019	array assay	A-AFFY-44	ArrayExpress	P-MTAB-23090	P-MTAB-23091	ftp://ftp.ebi.ac.uk/pub/databases/microarray/data/experiment/MTAB/E-MTAB-798/E-MTAB-798.raw.47.zip	tamoxifen	ChEMBL	CHEMBL83	tamoxifen	25	micromolar	8	hour
003016060024.CEL	TG_hum_vit_TMX_High_24hr_1	Yes	5222061LRA	Homo sapiens	5222061LRA	adult	female	wild type genotype	liver	hepatocyte	tamoxifen	tamoxifen-High	cell	P-MTAB-23086	P-MTAB-23087	5222061LRA	P-MTAB-23090	5222061LRA	biotin	P-MTAB-23088	P-MTAB-23089	3016060024	array assay	A-AFFY-44	ArrayExpress	P-MTAB-23090	P-MTAB-23091	ftp://ftp.ebi.ac.uk/pub/databases/microarray/data/experiment/MTAB/E-MTAB-798/E-MTAB-798.raw.47.zip	tamoxifen	ChEMBL	CHEMBL83	tamoxifen	25	micromolar	24	hour
003016060025.CEL	TG_hum_vit_TMX_High_24hr_2	Yes	5222062LRA	Homo sapiens	5222062LRA	adult	female	wild type genotype	liver	hepatocyte	tamoxifen	tamoxifen-High	cell	P-MTAB-23086	P-MTAB-23087	5222062LRA	P-MTAB-23090	5222062LRA	biotin	P-MTAB-23088	P-MTAB-23089	3016060025	array assay	A-AFFY-44	ArrayExpress	P-MTAB-23090	P-MTAB-23091	ftp://ftp.ebi.ac.uk/pub/databases/microarray/data/experiment/MTAB/E-MTAB-798/E-MTAB-798.raw.47.zip	tamoxifen	ChEMBL	CHEMBL83	tamoxifen	25	micromolar	24	hour
003016037018.CEL	TG_hum_vit_VPA_Ctl_2hr_1	No	5070011LRA	Homo sapiens	5070011LRA	adult	female	wild type genotype	liver	hepatocyte	valproic acid	valproic acid-Control	cell	P-MTAB-23086	P-MTAB-23087	5070011LRA	P-MTAB-23090	5070011LRA	biotin	P-MTAB-23088	P-MTAB-23089	3016037018	array assay	A-AFFY-44	ArrayExpress	P-MTAB-23090	P-MTAB-23091	ftp://ftp.ebi.ac.uk/pub/databases/microarray/data/experiment/MTAB/E-MTAB-798/E-MTAB-798.raw.2.zip	valproic acid	ChEMBL	CHEMBL109	none	  	  	2	hour
003016037019.CEL	TG_hum_vit_VPA_Ctl_2hr_2	No	5070012LRA	Homo sapiens	5070012LRA	adult	female	wild type genotype	liver	hepatocyte	valproic acid	valproic acid-Control	cell	P-MTAB-23086	P-MTAB-23087	5070012LRA	P-MTAB-23090	5070012LRA	biotin	P-MTAB-23088	P-MTAB-23089	3016037019	array assay	A-AFFY-44	ArrayExpress	P-MTAB-23090	P-MTAB-23091	ftp://ftp.ebi.ac.uk/pub/databases/microarray/data/experiment/MTAB/E-MTAB-798/E-MTAB-798.raw.2.zip	valproic acid	ChEMBL	CHEMBL109	none	  	  	2	hour
003016037026.CEL	TG_hum_vit_VPA_Ctl_8hr_1	No	5070021LRA	Homo sapiens	5070021LRA	adult	female	wild type genotype	liver	hepatocyte	valproic acid	valproic acid-Control	cell	P-MTAB-23086	P-MTAB-23087	5070021LRA	P-MTAB-23090	5070021LRA	biotin	P-MTAB-23088	P-MTAB-23089	3016037026	array assay	A-AFFY-44	ArrayExpress	P-MTAB-23090	P-MTAB-23091	ftp://ftp.ebi.ac.uk/pub/databases/microarray/data/experiment/MTAB/E-MTAB-798/E-MTAB-798.raw.2.zip	valproic acid	ChEMBL	CHEMBL109	none	  	  	8	hour
003016037027.CEL	TG_hum_vit_VPA_Ctl_8hr_2	No	5070022LRA	Homo sapiens	5070022LRA	adult	female	wild type genotype	liver	hepatocyte	valproic acid	valproic acid-Control	cell	P-MTAB-23086	P-MTAB-23087	5070022LRA	P-MTAB-23090	5070022LRA	biotin	P-MTAB-23088	P-MTAB-23089	3016037027	array assay	A-AFFY-44	ArrayExpress	P-MTAB-23090	P-MTAB-23091	ftp://ftp.ebi.ac.uk/pub/databases/microarray/data/experiment/MTAB/E-MTAB-798/E-MTAB-798.raw.2.zip	valproic acid	ChEMBL	CHEMBL109	none	  	  	8	hour
003016038004.CEL	TG_hum_vit_VPA_Ctl_24hr_1	No	5070031LRA	Homo sapiens	5070031LRA	adult	female	wild type genotype	liver	hepatocyte	valproic acid	valproic acid-Control	cell	P-MTAB-23086	P-MTAB-23087	5070031LRA	P-MTAB-23090	5070031LRA	biotin	P-MTAB-23088	P-MTAB-23089	3016038004	array assay	A-AFFY-44	ArrayExpress	P-MTAB-23090	P-MTAB-23091	ftp://ftp.ebi.ac.uk/pub/databases/microarray/data/experiment/MTAB/E-MTAB-798/E-MTAB-798.raw.2.zip	valproic acid	ChEMBL	CHEMBL109	none	  	  	24	hour
003016038005.CEL	TG_hum_vit_VPA_Ctl_24hr_2	No	5070032LRA	Homo sapiens	5070032LRA	adult	female	wild type genotype	liver	hepatocyte	valproic acid	valproic acid-Control	cell	P-MTAB-23086	P-MTAB-23087	5070032LRA	P-MTAB-23090	5070032LRA	biotin	P-MTAB-23088	P-MTAB-23089	3016038005	array assay	A-AFFY-44	ArrayExpress	P-MTAB-23090	P-MTAB-23091	ftp://ftp.ebi.ac.uk/pub/databases/microarray/data/experiment/MTAB/E-MTAB-798/E-MTAB-798.raw.2.zip	valproic acid	ChEMBL	CHEMBL109	none	  	  	24	hour
003016037020.CEL	TG_hum_vit_VPA_Low_2hr_1	Yes	5070041LRA	Homo sapiens	5070041LRA	adult	female	wild type genotype	liver	hepatocyte	valproic acid	valproic acid-Low	cell	P-MTAB-23086	P-MTAB-23087	5070041LRA	P-MTAB-23090	5070041LRA	biotin	P-MTAB-23088	P-MTAB-23089	3016037020	array assay	A-AFFY-44	ArrayExpress	P-MTAB-23090	P-MTAB-23091	ftp://ftp.ebi.ac.uk/pub/databases/microarray/data/experiment/MTAB/E-MTAB-798/E-MTAB-798.raw.2.zip	valproic acid	ChEMBL	CHEMBL109	valproic acid	200	micromolar	2	hour
003016037021.CEL	TG_hum_vit_VPA_Low_2hr_2	Yes	5070042LRA	Homo sapiens	5070042LRA	adult	female	wild type genotype	liver	hepatocyte	valproic acid	valproic acid-Low	cell	P-MTAB-23086	P-MTAB-23087	5070042LRA	P-MTAB-23090	5070042LRA	biotin	P-MTAB-23088	P-MTAB-23089	3016037021	array assay	A-AFFY-44	ArrayExpress	P-MTAB-23090	P-MTAB-23091	ftp://ftp.ebi.ac.uk/pub/databases/microarray/data/experiment/MTAB/E-MTAB-798/E-MTAB-798.raw.3.zip	valproic acid	ChEMBL	CHEMBL109	valproic acid	200	micromolar	2	hour
003016037028.CEL	TG_hum_vit_VPA_Low_8hr_1	Yes	5070051LRA	Homo sapiens	5070051LRA	adult	female	wild type genotype	liver	hepatocyte	valproic acid	valproic acid-Low	cell	P-MTAB-23086	P-MTAB-23087	5070051LRA	P-MTAB-23090	5070051LRA	biotin	P-MTAB-23088	P-MTAB-23089	3016037028	array assay	A-AFFY-44	ArrayExpress	P-MTAB-23090	P-MTAB-23091	ftp://ftp.ebi.ac.uk/pub/databases/microarray/data/experiment/MTAB/E-MTAB-798/E-MTAB-798.raw.3.zip	valproic acid	ChEMBL	CHEMBL109	valproic acid	200	micromolar	8	hour
003016037029.CEL	TG_hum_vit_VPA_Low_8hr_2	Yes	5070052LRA	Homo sapiens	5070052LRA	adult	female	wild type genotype	liver	hepatocyte	valproic acid	valproic acid-Low	cell	P-MTAB-23086	P-MTAB-23087	5070052LRA	P-MTAB-23090	5070052LRA	biotin	P-MTAB-23088	P-MTAB-23089	3016037029	array assay	A-AFFY-44	ArrayExpress	P-MTAB-23090	P-MTAB-23091	ftp://ftp.ebi.ac.uk/pub/databases/microarray/data/experiment/MTAB/E-MTAB-798/E-MTAB-798.raw.3.zip	valproic acid	ChEMBL	CHEMBL109	valproic acid	200	micromolar	8	hour
003016038006.CEL	TG_hum_vit_VPA_Low_24hr_1	Yes	5070061LRA	Homo sapiens	5070061LRA	adult	female	wild type genotype	liver	hepatocyte	valproic acid	valproic acid-Low	cell	P-MTAB-23086	P-MTAB-23087	5070061LRA	P-MTAB-23090	5070061LRA	biotin	P-MTAB-23088	P-MTAB-23089	3016038006	array assay	A-AFFY-44	ArrayExpress	P-MTAB-23090	P-MTAB-23091	ftp://ftp.ebi.ac.uk/pub/databases/microarray/data/experiment/MTAB/E-MTAB-798/E-MTAB-798.raw.3.zip	valproic acid	ChEMBL	CHEMBL109	valproic acid	200	micromolar	24	hour
003016038007.CEL	TG_hum_vit_VPA_Low_24hr_2	Yes	5070062LRA	Homo sapiens	5070062LRA	adult	female	wild type genotype	liver	hepatocyte	valproic acid	valproic acid-Low	cell	P-MTAB-23086	P-MTAB-23087	5070062LRA	P-MTAB-23090	5070062LRA	biotin	P-MTAB-23088	P-MTAB-23089	3016038007	array assay	A-AFFY-44	ArrayExpress	P-MTAB-23090	P-MTAB-23091	ftp://ftp.ebi.ac.uk/pub/databases/microarray/data/experiment/MTAB/E-MTAB-798/E-MTAB-798.raw.3.zip	valproic acid	ChEMBL	CHEMBL109	valproic acid	200	micromolar	24	hour
003016037022.CEL	TG_hum_vit_VPA_Mid_2hr_1	Yes	5070071LRA	Homo sapiens	5070071LRA	adult	female	wild type genotype	liver	hepatocyte	valproic acid	valproic acid-Middle	cell	P-MTAB-23086	P-MTAB-23087	5070071LRA	P-MTAB-23090	5070071LRA	biotin	P-MTAB-23088	P-MTAB-23089	3016037022	array assay	A-AFFY-44	ArrayExpress	P-MTAB-23090	P-MTAB-23091	ftp://ftp.ebi.ac.uk/pub/databases/microarray/data/experiment/MTAB/E-MTAB-798/E-MTAB-798.raw.3.zip	valproic acid	ChEMBL	CHEMBL109	valproic acid	1000	micromolar	2	hour
003016037023.CEL	TG_hum_vit_VPA_Mid_2hr_2	Yes	5070072LRA	Homo sapiens	5070072LRA	adult	female	wild type genotype	liver	hepatocyte	valproic acid	valproic acid-Middle	cell	P-MTAB-23086	P-MTAB-23087	5070072LRA	P-MTAB-23090	5070072LRA	biotin	P-MTAB-23088	P-MTAB-23089	3016037023	array assay	A-AFFY-44	ArrayExpress	P-MTAB-23090	P-MTAB-23091	ftp://ftp.ebi.ac.uk/pub/databases/microarray/data/experiment/MTAB/E-MTAB-798/E-MTAB-798.raw.3.zip	valproic acid	ChEMBL	CHEMBL109	valproic acid	1000	micromolar	2	hour
003016037030.CEL	TG_hum_vit_VPA_Mid_8hr_1	Yes	5070081LRA	Homo sapiens	5070081LRA	adult	female	wild type genotype	liver	hepatocyte	valproic acid	valproic acid-Middle	cell	P-MTAB-23086	P-MTAB-23087	5070081LRA	P-MTAB-23090	5070081LRA	biotin	P-MTAB-23088	P-MTAB-23089	3016037030	array assay	A-AFFY-44	ArrayExpress	P-MTAB-23090	P-MTAB-23091	ftp://ftp.ebi.ac.uk/pub/databases/microarray/data/experiment/MTAB/E-MTAB-798/E-MTAB-798.raw.3.zip	valproic acid	ChEMBL	CHEMBL109	valproic acid	1000	micromolar	8	hour
003016038001.CEL	TG_hum_vit_VPA_Mid_8hr_2	Yes	5070082LRA	Homo sapiens	5070082LRA	adult	female	wild type genotype	liver	hepatocyte	valproic acid	valproic acid-Middle	cell	P-MTAB-23086	P-MTAB-23087	5070082LRA	P-MTAB-23090	5070082LRA	biotin	P-MTAB-23088	P-MTAB-23089	3016038001	array assay	A-AFFY-44	ArrayExpress	P-MTAB-23090	P-MTAB-23091	ftp://ftp.ebi.ac.uk/pub/databases/microarray/data/experiment/MTAB/E-MTAB-798/E-MTAB-798.raw.3.zip	valproic acid	ChEMBL	CHEMBL109	valproic acid	1000	micromolar	8	hour
003016038008.CEL	TG_hum_vit_VPA_Mid_24hr_1	Yes	5070091LRA	Homo sapiens	5070091LRA	adult	female	wild type genotype	liver	hepatocyte	valproic acid	valproic acid-Middle	cell	P-MTAB-23086	P-MTAB-23087	5070091LRA	P-MTAB-23090	5070091LRA	biotin	P-MTAB-23088	P-MTAB-23089	3016038008	array assay	A-AFFY-44	ArrayExpress	P-MTAB-23090	P-MTAB-23091	ftp://ftp.ebi.ac.uk/pub/databases/microarray/data/experiment/MTAB/E-MTAB-798/E-MTAB-798.raw.3.zip	valproic acid	ChEMBL	CHEMBL109	valproic acid	1000	micromolar	24	hour
003016038009.CEL	TG_hum_vit_VPA_Mid_24hr_2	Yes	5070092LRA	Homo sapiens	5070092LRA	adult	female	wild type genotype	liver	hepatocyte	valproic acid	valproic acid-Middle	cell	P-MTAB-23086	P-MTAB-23087	5070092LRA	P-MTAB-23090	5070092LRA	biotin	P-MTAB-23088	P-MTAB-23089	3016038009	array assay	A-AFFY-44	ArrayExpress	P-MTAB-23090	P-MTAB-23091	ftp://ftp.ebi.ac.uk/pub/databases/microarray/data/experiment/MTAB/E-MTAB-798/E-MTAB-798.raw.3.zip	valproic acid	ChEMBL	CHEMBL109	valproic acid	1000	micromolar	24	hour
003016037024.CEL	TG_hum_vit_VPA_High_2hr_1	Yes	5070101LRA	Homo sapiens	5070101LRA	adult	female	wild type genotype	liver	hepatocyte	valproic acid	valproic acid-High	cell	P-MTAB-23086	P-MTAB-23087	5070101LRA	P-MTAB-23090	5070101LRA	biotin	P-MTAB-23088	P-MTAB-23089	3016037024	array assay	A-AFFY-44	ArrayExpress	P-MTAB-23090	P-MTAB-23091	ftp://ftp.ebi.ac.uk/pub/databases/microarray/data/experiment/MTAB/E-MTAB-798/E-MTAB-798.raw.3.zip	valproic acid	ChEMBL	CHEMBL109	valproic acid	5000	micromolar	2	hour
003016037025.CEL	TG_hum_vit_VPA_High_2hr_2	Yes	5070102LRA	Homo sapiens	5070102LRA	adult	female	wild type genotype	liver	hepatocyte	valproic acid	valproic acid-High	cell	P-MTAB-23086	P-MTAB-23087	5070102LRA	P-MTAB-23090	5070102LRA	biotin	P-MTAB-23088	P-MTAB-23089	3016037025	array assay	A-AFFY-44	ArrayExpress	P-MTAB-23090	P-MTAB-23091	ftp://ftp.ebi.ac.uk/pub/databases/microarray/data/experiment/MTAB/E-MTAB-798/E-MTAB-798.raw.3.zip	valproic acid	ChEMBL	CHEMBL109	valproic acid	5000	micromolar	2	hour
003016038002.CEL	TG_hum_vit_VPA_High_8hr_1	Yes	5070111LRA	Homo sapiens	5070111LRA	adult	male	wild type genotype	liver	hepatocyte	valproic acid	valproic acid-High	cell	P-MTAB-23086	P-MTAB-23087	5070111LRA	P-MTAB-23090	5070111LRA	biotin	P-MTAB-23088	P-MTAB-23089	3016038002	array assay	A-AFFY-44	ArrayExpress	P-MTAB-23090	P-MTAB-23091	ftp://ftp.ebi.ac.uk/pub/databases/microarray/data/experiment/MTAB/E-MTAB-798/E-MTAB-798.raw.3.zip	valproic acid	ChEMBL	CHEMBL109	valproic acid	5000	micromolar	8	hour
003016038003.CEL	TG_hum_vit_VPA_High_8hr_2	Yes	5070112LRA	Homo sapiens	5070112LRA	adult	male	wild type genotype	liver	hepatocyte	valproic acid	valproic acid-High	cell	P-MTAB-23086	P-MTAB-23087	5070112LRA	P-MTAB-23090	5070112LRA	biotin	P-MTAB-23088	P-MTAB-23089	3016038003	array assay	A-AFFY-44	ArrayExpress	P-MTAB-23090	P-MTAB-23091	ftp://ftp.ebi.ac.uk/pub/databases/microarray/data/experiment/MTAB/E-MTAB-798/E-MTAB-798.raw.3.zip	valproic acid	ChEMBL	CHEMBL109	valproic acid	5000	micromolar	8	hour
003016038010.CEL	TG_hum_vit_VPA_High_24hr_1	Yes	5070121LRA	Homo sapiens	5070121LRA	adult	male	wild type genotype	liver	hepatocyte	valproic acid	valproic acid-High	cell	P-MTAB-23086	P-MTAB-23087	5070121LRA	P-MTAB-23090	5070121LRA	biotin	P-MTAB-23088	P-MTAB-23089	3016038010	array assay	A-AFFY-44	ArrayExpress	P-MTAB-23090	P-MTAB-23091	ftp://ftp.ebi.ac.uk/pub/databases/microarray/data/experiment/MTAB/E-MTAB-798/E-MTAB-798.raw.3.zip	valproic acid	ChEMBL	CHEMBL109	valproic acid	5000	micromolar	24	hour
003016038011.CEL	TG_hum_vit_VPA_High_24hr_2	Yes	5070122LRA	Homo sapiens	5070122LRA	adult	male	wild type genotype	liver	hepatocyte	valproic acid	valproic acid-High	cell	P-MTAB-23086	P-MTAB-23087	5070122LRA	P-MTAB-23090	5070122LRA	biotin	P-MTAB-23088	P-MTAB-23089	3016038011	array assay	A-AFFY-44	ArrayExpress	P-MTAB-23090	P-MTAB-23091	ftp://ftp.ebi.ac.uk/pub/databases/microarray/data/experiment/MTAB/E-MTAB-798/E-MTAB-798.raw.3.zip	valproic acid	ChEMBL	CHEMBL109	valproic acid	5000	micromolar	24	hour