"PHH_common_all","PHH_DEG_Steatosis","PHH_SVM_DEGs","PHH_SVM_Steatosis","PRH_common_all","PRH_DEG_Steatosis","PRH_SVM_DEGs","PRH_SVM_Steatosis","RLT_common_all","RLT_DEG_Steatosis","RLT_SVM_DEGs","RLT_SVM_Steatosis"
"ULK1","GPT2","GNB3","RDX","GPT","HAMP","FNIP2","PLIN2","GCK","INSR","NUAK1","ECH1"
"INSR","PPARA","RN7SL301P","FGF21","CD14","IL1RN","HSPA4L","FGFR1","DHRS7","ABCG5","SNX8","NQO1"
"ACADM","KLB","PELI3","ADRB2",NA,"CD68","TRUB2","CYP17A1","RDX","ATP5IF1","NT5E","GSTT1"
NA,"PDK4","PIM1","IDE",NA,"FASN","STX17","GPAM","SCARB1","PINK1","ECI1","ALDH1B1"
NA,"PTEN","TCTA","CXCL10",NA,"GCK","RNF38","GSTT1","PEMT","GSTM1","PSKH1","TXNIP"
NA,"SUOX","ALS2","TLR2",NA,NA,"BMPR2","ADRB2","ERN1","ACAD10","ARFGAP2","HADHB"
NA,"HM13","CCDC60","NOS2",NA,NA,"HGFAC","ATG12","DGAT2","PPARA","PPM1A","PSMA5"
NA,"AR","MROH6","SOD1",NA,NA,"APTX","PRMT7","ABCG8","MET","TMEM204","ADIPOR2"
NA,"PRKCA","THOC2",NA,NA,NA,"OGT","ACOX1","GPT2","SIDT2","ELAC2","MYD88"
NA,"SERPINA6","CERS5",NA,NA,NA,"PAXIP1","ACAD10",NA,"GPD1L","SYVN1","STC2"
NA,"MLYCD","GPR153",NA,NA,NA,"DIP2B","SHC1",NA,"ACACA","LAPTM4B","IRS2"
NA,"LRP6","LCMT1",NA,NA,NA,"CAST","ACADVL",NA,"EIF2AK1","TMEM19","NR1H4"
NA,"SIDT2","ENSG00000267458",NA,NA,NA,"NIBAN1","COL3A1",NA,"ABCA1","MARCHF6","G6PD"
NA,"PRKACA","IL17RC",NA,NA,NA,"POLR2A","APOA1",NA,"STS","SEC22A","GPAM"
NA,"VLDLR","SECISBP2L",NA,NA,NA,"ENPEP","JAK2",NA,"KEAP1","TSPAN18","NR5A2"
NA,"HADHB","BPGM",NA,NA,NA,"DIS3L2","CPS1",NA,"NEIL1","CLCN4","AHR"
NA,"FTO","TBX3",NA,NA,NA,"RSRP1","FTO",NA,"MTTP","YKT6","PLAU"
NA,"GSR","RNF41",NA,NA,NA,"PDIA5","CD163",NA,"IL13RA2","KHNYN","CYP7A1"
NA,"SIRT2","ZMAT5",NA,NA,NA,"GINM1","HADHA",NA,"TIMP1","TMEM132A","ADH4"
NA,"EPAS1","HECTD1",NA,NA,NA,"NNAT","ANGPTL4",NA,"CYP1A2","APPL1","ACOX1"
NA,"ATP7B","CHD9",NA,NA,NA,"TOR1AIP2","NGF",NA,"SREBF1","FGFR3","ADRB3"
NA,"ACACB","MT3",NA,NA,NA,"EVA1A","STS",NA,"ATG7","POLRMT","PTEN"
NA,"TF","HAGHL",NA,NA,NA,"CPQ","LGALS3",NA,"PRKAA1","USP8","IL1RN"
NA,"PRMT7","ZNF776",NA,NA,NA,NA,"UBD",NA,NA,"PAQR9","EPAS1"
NA,"ATG7","CADPS2",NA,NA,NA,NA,"SCARB1",NA,NA,"AQP1","SLC2A2"
NA,"CYP7B1","MBTPS1-DT",NA,NA,NA,NA,NA,NA,NA,"OS9","IGFBP7"
NA,"NR1I2","GK",NA,NA,NA,NA,NA,NA,NA,"LRRC71","MLYCD"
NA,"MLXIPL","TMED8",NA,NA,NA,NA,NA,NA,NA,"POLG","LDLR"
NA,"NR5A2","PPP2R2D",NA,NA,NA,NA,NA,NA,NA,"ECHDC3",NA
NA,"CD14","HDAC5",NA,NA,NA,NA,NA,NA,NA,"RCOR1",NA
NA,"CEBPB","PHACTR4",NA,NA,NA,NA,NA,NA,NA,"DICER1",NA
NA,"ALDH4A1","FAM221A",NA,NA,NA,NA,NA,NA,NA,"OCEL1",NA
NA,"NR1H4","RALY-AS1",NA,NA,NA,NA,NA,NA,NA,"GUCY1A1",NA
NA,"ATP5F1B","CNP",NA,NA,NA,NA,NA,NA,NA,"SLC33A1",NA
NA,"APOE","IFI6",NA,NA,NA,NA,NA,NA,NA,"HSPA13",NA
NA,"APOB","SLC40A1",NA,NA,NA,NA,NA,NA,NA,"SEPSECS",NA
NA,"SIRT6","RAB8A",NA,NA,NA,NA,NA,NA,NA,"GPLD1",NA
NA,"SAMM50","NDUFS1",NA,NA,NA,NA,NA,NA,NA,"STK25",NA
NA,"CAT","ABCD1",NA,NA,NA,NA,NA,NA,NA,"TGFBR2",NA
NA,"DGAT2","GOLIM4",NA,NA,NA,NA,NA,NA,NA,"UGT2B10",NA
NA,"ECH1","VIRMA",NA,NA,NA,NA,NA,NA,NA,"FADS2",NA
NA,"IDH2","TPP1",NA,NA,NA,NA,NA,NA,NA,"CEBPA",NA
NA,"SREBF1","AAGAB",NA,NA,NA,NA,NA,NA,NA,"RGS3",NA
NA,"ACOX1","TMEM223",NA,NA,NA,NA,NA,NA,NA,"TP53INP2",NA
NA,"CYP27A1","ALCAM",NA,NA,NA,NA,NA,NA,NA,"NID2",NA
NA,"MTTP","AP3B1",NA,NA,NA,NA,NA,NA,NA,"ENSRNOG00000023828",NA
NA,"ABCA1","NCBP1",NA,NA,NA,NA,NA,NA,NA,"PJA1",NA
NA,"SCARB1","WDCP",NA,NA,NA,NA,NA,NA,NA,"ACOX2",NA
NA,"SIRT3","TMOD1",NA,NA,NA,NA,NA,NA,NA,"SPAG7",NA
NA,"HADHA","PMS2P1",NA,NA,NA,NA,NA,NA,NA,"FAHD1",NA
NA,"GPT","ELOA-AS1",NA,NA,NA,NA,NA,NA,NA,"AKT2",NA
NA,"SHC1","MIGA2",NA,NA,NA,NA,NA,NA,NA,"TSC22D3",NA
NA,"STS","HIKESHI",NA,NA,NA,NA,NA,NA,NA,"PRPSAP1",NA
NA,"CPS1","MBL2",NA,NA,NA,NA,NA,NA,NA,"PCNT",NA
NA,"SERPINF1","NPM1P22",NA,NA,NA,NA,NA,NA,NA,"BANP",NA
NA,"MAT1A","UBAC2",NA,NA,NA,NA,NA,NA,NA,"POLG2",NA
NA,"ABCG8","STAT1",NA,NA,NA,NA,NA,NA,NA,"TNKS2",NA
NA,"AZGP1","ZBED5-AS1",NA,NA,NA,NA,NA,NA,NA,"KHK",NA
NA,"HHEX","PLEKHA4",NA,NA,NA,NA,NA,NA,NA,"ENSRNOG00000057601",NA
NA,"ABCG5","ATG4C",NA,NA,NA,NA,NA,NA,NA,"LSM3",NA
NA,"IRS1","LAMTOR3",NA,NA,NA,NA,NA,NA,NA,"NHERF1",NA
NA,"SLC27A4","POLR2I",NA,NA,NA,NA,NA,NA,NA,"CDC42EP1",NA
NA,"PPDPF","GATA6-AS1",NA,NA,NA,NA,NA,NA,NA,"SIAE",NA
NA,"BECN1","C6orf226",NA,NA,NA,NA,NA,NA,NA,"GSTM4",NA
NA,"ALDH2","NAA30",NA,NA,NA,NA,NA,NA,NA,"ENSRNOG00000004147",NA
NA,"PINK1","EPB41L5",NA,NA,NA,NA,NA,NA,NA,"PNPLA7",NA
NA,"AKT1","RBMY2MP",NA,NA,NA,NA,NA,NA,NA,"SHPK",NA
NA,"PHYH","KIF9",NA,NA,NA,NA,NA,NA,NA,"POLDIP2",NA
NA,"MMP1","FAM110C",NA,NA,NA,NA,NA,NA,NA,"IL16",NA
NA,"TNFRSF1B","SRPK3",NA,NA,NA,NA,NA,NA,NA,"OR51E2",NA
NA,"SERPINA1","TNPO3",NA,NA,NA,NA,NA,NA,NA,"RAB3GAP1",NA
NA,"MFN2","ZNF765",NA,NA,NA,NA,NA,NA,NA,"LRBA",NA
NA,"PNPLA3","TIGD1",NA,NA,NA,NA,NA,NA,NA,"PCYT2",NA
NA,"EIF2AK1","IGLV2-14",NA,NA,NA,NA,NA,NA,NA,"PEX14",NA
NA,"ABCB1","PEX11G",NA,NA,NA,NA,NA,NA,NA,"SLC66A2",NA
NA,"F2","IFT22",NA,NA,NA,NA,NA,NA,NA,"TTYH3",NA
NA,"TRIB1","TPSAB1",NA,NA,NA,NA,NA,NA,NA,"TENT5C",NA
NA,"STAT3","KCNT2",NA,NA,NA,NA,NA,NA,NA,"NTF3",NA
NA,"EIF2AK3","ENSG00000261829",NA,NA,NA,NA,NA,NA,NA,"ARAF",NA
NA,"MYD88","MAPRE2",NA,NA,NA,NA,NA,NA,NA,"TRMT44",NA
NA,"ADH4","ARHGEF16",NA,NA,NA,NA,NA,NA,NA,"NGDN",NA
NA,NA,"ZBTB25",NA,NA,NA,NA,NA,NA,NA,"PSMG4",NA
NA,NA,"PRPSAP2",NA,NA,NA,NA,NA,NA,NA,"DVL1",NA
NA,NA,"GM2A",NA,NA,NA,NA,NA,NA,NA,"SORT1",NA
NA,NA,"UNC5B",NA,NA,NA,NA,NA,NA,NA,"WDR11",NA
NA,NA,"ZNF138",NA,NA,NA,NA,NA,NA,NA,"SLC25A23",NA
NA,NA,"NDUFC1",NA,NA,NA,NA,NA,NA,NA,"PPP1R15B",NA
NA,NA,"ENSG00000242861",NA,NA,NA,NA,NA,NA,NA,"SEPHS1",NA
NA,NA,"TARS3",NA,NA,NA,NA,NA,NA,NA,"HSPB1",NA
NA,NA,"ZNF561",NA,NA,NA,NA,NA,NA,NA,"GYPC",NA
NA,NA,"LIMK2",NA,NA,NA,NA,NA,NA,NA,"GGT5",NA
NA,NA,"CYP3A5",NA,NA,NA,NA,NA,NA,NA,"CHM",NA
NA,NA,"COQ4",NA,NA,NA,NA,NA,NA,NA,"CTSF",NA
NA,NA,"BCL9",NA,NA,NA,NA,NA,NA,NA,"CCPG1",NA
NA,NA,"SUDS3",NA,NA,NA,NA,NA,NA,NA,"MTMR1",NA
NA,NA,"ZNF227",NA,NA,NA,NA,NA,NA,NA,"OSBPL11",NA
NA,NA,"BCL6",NA,NA,NA,NA,NA,NA,NA,"FLT1",NA
NA,NA,"BAHD1",NA,NA,NA,NA,NA,NA,NA,"LRPAP1",NA
NA,NA,"PNMA6A",NA,NA,NA,NA,NA,NA,NA,"LRP4",NA
NA,NA,"FBH1",NA,NA,NA,NA,NA,NA,NA,"NDST1",NA
NA,NA,"CD276",NA,NA,NA,NA,NA,NA,NA,"NOA1",NA
NA,NA,"RIT1",NA,NA,NA,NA,NA,NA,NA,"SESN1",NA
NA,NA,"ARID4B",NA,NA,NA,NA,NA,NA,NA,"ZNF76",NA
NA,NA,"FBXW7",NA,NA,NA,NA,NA,NA,NA,"STK38L",NA
NA,NA,"AP4E1",NA,NA,NA,NA,NA,NA,NA,"ADAR",NA
NA,NA,"RAB40B",NA,NA,NA,NA,NA,NA,NA,"EVL",NA
NA,NA,"ZNF232-AS1",NA,NA,NA,NA,NA,NA,NA,"DHRS3",NA
NA,NA,"MGAT1",NA,NA,NA,NA,NA,NA,NA,"DYM",NA
NA,NA,"TRMT2A",NA,NA,NA,NA,NA,NA,NA,"AP1B1",NA
NA,NA,"TMEM38A",NA,NA,NA,NA,NA,NA,NA,NA,NA
NA,NA,"CCDC126",NA,NA,NA,NA,NA,NA,NA,NA,NA
NA,NA,"EBAG9",NA,NA,NA,NA,NA,NA,NA,NA,NA
NA,NA,"GIHCG",NA,NA,NA,NA,NA,NA,NA,NA,NA
NA,NA,"GPAT4",NA,NA,NA,NA,NA,NA,NA,NA,NA
NA,NA,"MANBA",NA,NA,NA,NA,NA,NA,NA,NA,NA
NA,NA,"STARD8",NA,NA,NA,NA,NA,NA,NA,NA,NA
NA,NA,"USP5",NA,NA,NA,NA,NA,NA,NA,NA,NA
NA,NA,"PTPN1",NA,NA,NA,NA,NA,NA,NA,NA,NA
NA,NA,"CCNH",NA,NA,NA,NA,NA,NA,NA,NA,NA
NA,NA,"MAGEF1",NA,NA,NA,NA,NA,NA,NA,NA,NA
NA,NA,"SP140L",NA,NA,NA,NA,NA,NA,NA,NA,NA
NA,NA,"SH3YL1",NA,NA,NA,NA,NA,NA,NA,NA,NA
NA,NA,"MCAT",NA,NA,NA,NA,NA,NA,NA,NA,NA
NA,NA,"TYW1",NA,NA,NA,NA,NA,NA,NA,NA,NA
NA,NA,"MUC3A",NA,NA,NA,NA,NA,NA,NA,NA,NA
NA,NA,"TTC32",NA,NA,NA,NA,NA,NA,NA,NA,NA
NA,NA,"LRRC37B",NA,NA,NA,NA,NA,NA,NA,NA,NA
NA,NA,"HAAO",NA,NA,NA,NA,NA,NA,NA,NA,NA
NA,NA,"YARS2",NA,NA,NA,NA,NA,NA,NA,NA,NA
NA,NA,"EVI5",NA,NA,NA,NA,NA,NA,NA,NA,NA
NA,NA,"AXIN1",NA,NA,NA,NA,NA,NA,NA,NA,NA
NA,NA,"ANKRD54",NA,NA,NA,NA,NA,NA,NA,NA,NA
NA,NA,"CALR",NA,NA,NA,NA,NA,NA,NA,NA,NA
NA,NA,"FBXO34",NA,NA,NA,NA,NA,NA,NA,NA,NA
NA,NA,"SLC9A6",NA,NA,NA,NA,NA,NA,NA,NA,NA
NA,NA,"GON4L",NA,NA,NA,NA,NA,NA,NA,NA,NA
NA,NA,"EXOC1",NA,NA,NA,NA,NA,NA,NA,NA,NA
NA,NA,"GOLGA4",NA,NA,NA,NA,NA,NA,NA,NA,NA
NA,NA,"MTIF3",NA,NA,NA,NA,NA,NA,NA,NA,NA
NA,NA,"BIRC6",NA,NA,NA,NA,NA,NA,NA,NA,NA
NA,NA,"CLTA",NA,NA,NA,NA,NA,NA,NA,NA,NA
NA,NA,"S100PBP",NA,NA,NA,NA,NA,NA,NA,NA,NA
NA,NA,"PCMTD2",NA,NA,NA,NA,NA,NA,NA,NA,NA
NA,NA,"PHYHIPL",NA,NA,NA,NA,NA,NA,NA,NA,NA
NA,NA,"NUDCD2",NA,NA,NA,NA,NA,NA,NA,NA,NA
NA,NA,"RASSF1-AS1",NA,NA,NA,NA,NA,NA,NA,NA,NA
NA,NA,"ENSG00000286388",NA,NA,NA,NA,NA,NA,NA,NA,NA
NA,NA,"RGL2",NA,NA,NA,NA,NA,NA,NA,NA,NA
NA,NA,"TIMM50",NA,NA,NA,NA,NA,NA,NA,NA,NA
NA,NA,"TRIM37",NA,NA,NA,NA,NA,NA,NA,NA,NA
NA,NA,"LRCH1",NA,NA,NA,NA,NA,NA,NA,NA,NA
NA,NA,"NEK1",NA,NA,NA,NA,NA,NA,NA,NA,NA
NA,NA,"STK16",NA,NA,NA,NA,NA,NA,NA,NA,NA
NA,NA,"CDC34",NA,NA,NA,NA,NA,NA,NA,NA,NA
NA,NA,"MTX2",NA,NA,NA,NA,NA,NA,NA,NA,NA
NA,NA,"CBR1",NA,NA,NA,NA,NA,NA,NA,NA,NA
NA,NA,"DTWD2",NA,NA,NA,NA,NA,NA,NA,NA,NA
NA,NA,"TPST1",NA,NA,NA,NA,NA,NA,NA,NA,NA
NA,NA,"MINDY3",NA,NA,NA,NA,NA,NA,NA,NA,NA
NA,NA,"ITGA7",NA,NA,NA,NA,NA,NA,NA,NA,NA
NA,NA,"GCN1",NA,NA,NA,NA,NA,NA,NA,NA,NA
NA,NA,"SETX",NA,NA,NA,NA,NA,NA,NA,NA,NA
NA,NA,"KATNIP",NA,NA,NA,NA,NA,NA,NA,NA,NA
NA,NA,"EIF5A",NA,NA,NA,NA,NA,NA,NA,NA,NA
NA,NA,"NHLRC3",NA,NA,NA,NA,NA,NA,NA,NA,NA
NA,NA,"TRPM7",NA,NA,NA,NA,NA,NA,NA,NA,NA
NA,NA,"ARFRP1",NA,NA,NA,NA,NA,NA,NA,NA,NA
NA,NA,"MBOAT7",NA,NA,NA,NA,NA,NA,NA,NA,NA
NA,NA,"DYM",NA,NA,NA,NA,NA,NA,NA,NA,NA
NA,NA,"TMEM115",NA,NA,NA,NA,NA,NA,NA,NA,NA
NA,NA,"HPS3",NA,NA,NA,NA,NA,NA,NA,NA,NA
NA,NA,"RTP3",NA,NA,NA,NA,NA,NA,NA,NA,NA
NA,NA,"UBE4A",NA,NA,NA,NA,NA,NA,NA,NA,NA
NA,NA,"SMAD5",NA,NA,NA,NA,NA,NA,NA,NA,NA
NA,NA,"UBOX5",NA,NA,NA,NA,NA,NA,NA,NA,NA
NA,NA,"FHOD1",NA,NA,NA,NA,NA,NA,NA,NA,NA
NA,NA,"KXD1",NA,NA,NA,NA,NA,NA,NA,NA,NA
NA,NA,"SGMS1",NA,NA,NA,NA,NA,NA,NA,NA,NA
NA,NA,"PPIG",NA,NA,NA,NA,NA,NA,NA,NA,NA
NA,NA,"NCK2",NA,NA,NA,NA,NA,NA,NA,NA,NA
NA,NA,"PRELID2",NA,NA,NA,NA,NA,NA,NA,NA,NA
NA,NA,"C2orf49",NA,NA,NA,NA,NA,NA,NA,NA,NA
NA,NA,"AKAP17A",NA,NA,NA,NA,NA,NA,NA,NA,NA
NA,NA,"ZCCHC17",NA,NA,NA,NA,NA,NA,NA,NA,NA
NA,NA,"DNM2",NA,NA,NA,NA,NA,NA,NA,NA,NA
NA,NA,"COG7",NA,NA,NA,NA,NA,NA,NA,NA,NA
NA,NA,"SRGAP2",NA,NA,NA,NA,NA,NA,NA,NA,NA
NA,NA,"IL15",NA,NA,NA,NA,NA,NA,NA,NA,NA
NA,NA,"DDAH2",NA,NA,NA,NA,NA,NA,NA,NA,NA
NA,NA,"C6orf47",NA,NA,NA,NA,NA,NA,NA,NA,NA
NA,NA,"LINC00652",NA,NA,NA,NA,NA,NA,NA,NA,NA
NA,NA,"TRIM38",NA,NA,NA,NA,NA,NA,NA,NA,NA
NA,NA,"PAK1",NA,NA,NA,NA,NA,NA,NA,NA,NA
NA,NA,"ZBTB18",NA,NA,NA,NA,NA,NA,NA,NA,NA
NA,NA,"KLHL25",NA,NA,NA,NA,NA,NA,NA,NA,NA
NA,NA,"NAP1L5",NA,NA,NA,NA,NA,NA,NA,NA,NA
NA,NA,"TIMM29",NA,NA,NA,NA,NA,NA,NA,NA,NA
NA,NA,"KIAA1958",NA,NA,NA,NA,NA,NA,NA,NA,NA
NA,NA,"ENKD1",NA,NA,NA,NA,NA,NA,NA,NA,NA
NA,NA,"MFSD11",NA,NA,NA,NA,NA,NA,NA,NA,NA
NA,NA,"SLC10A1",NA,NA,NA,NA,NA,NA,NA,NA,NA
NA,NA,"CD40",NA,NA,NA,NA,NA,NA,NA,NA,NA
NA,NA,"NUDT22",NA,NA,NA,NA,NA,NA,NA,NA,NA
NA,NA,"NDUFB3",NA,NA,NA,NA,NA,NA,NA,NA,NA
NA,NA,"DGKQ",NA,NA,NA,NA,NA,NA,NA,NA,NA
NA,NA,"ATP23",NA,NA,NA,NA,NA,NA,NA,NA,NA
NA,NA,"FAM193B",NA,NA,NA,NA,NA,NA,NA,NA,NA
NA,NA,"HIF1AN",NA,NA,NA,NA,NA,NA,NA,NA,NA
NA,NA,"ASB7",NA,NA,NA,NA,NA,NA,NA,NA,NA
NA,NA,"APP",NA,NA,NA,NA,NA,NA,NA,NA,NA
NA,NA,"STARD3",NA,NA,NA,NA,NA,NA,NA,NA,NA
NA,NA,"LINC00847",NA,NA,NA,NA,NA,NA,NA,NA,NA
NA,NA,"AKAP13",NA,NA,NA,NA,NA,NA,NA,NA,NA
NA,NA,"PHLDB3",NA,NA,NA,NA,NA,NA,NA,NA,NA
NA,NA,"ABCA2",NA,NA,NA,NA,NA,NA,NA,NA,NA
NA,NA,"SFXN2",NA,NA,NA,NA,NA,NA,NA,NA,NA
NA,NA,"PLIN3",NA,NA,NA,NA,NA,NA,NA,NA,NA
NA,NA,"SLC9A7",NA,NA,NA,NA,NA,NA,NA,NA,NA
NA,NA,"KIAA0232",NA,NA,NA,NA,NA,NA,NA,NA,NA
NA,NA,"ZNF266",NA,NA,NA,NA,NA,NA,NA,NA,NA
NA,NA,"KIFAP3",NA,NA,NA,NA,NA,NA,NA,NA,NA
NA,NA,"C12orf76",NA,NA,NA,NA,NA,NA,NA,NA,NA
NA,NA,"SNTB2",NA,NA,NA,NA,NA,NA,NA,NA,NA
NA,NA,"TMT1B",NA,NA,NA,NA,NA,NA,NA,NA,NA
NA,NA,"TM2D3",NA,NA,NA,NA,NA,NA,NA,NA,NA
NA,NA,"SLC39A14",NA,NA,NA,NA,NA,NA,NA,NA,NA
NA,NA,"LINC01503",NA,NA,NA,NA,NA,NA,NA,NA,NA
NA,NA,"BOLA3",NA,NA,NA,NA,NA,NA,NA,NA,NA
NA,NA,"B4GALT4",NA,NA,NA,NA,NA,NA,NA,NA,NA
NA,NA,"CAMK2G",NA,NA,NA,NA,NA,NA,NA,NA,NA
NA,NA,"MAFG",NA,NA,NA,NA,NA,NA,NA,NA,NA
NA,NA,"CENPT",NA,NA,NA,NA,NA,NA,NA,NA,NA
NA,NA,"NAT9",NA,NA,NA,NA,NA,NA,NA,NA,NA
NA,NA,"ME2",NA,NA,NA,NA,NA,NA,NA,NA,NA
NA,NA,"CTDP1",NA,NA,NA,NA,NA,NA,NA,NA,NA
NA,NA,"ZSCAN29",NA,NA,NA,NA,NA,NA,NA,NA,NA
NA,NA,"NCF2",NA,NA,NA,NA,NA,NA,NA,NA,NA
NA,NA,"KMT2C",NA,NA,NA,NA,NA,NA,NA,NA,NA
NA,NA,"EXTL2",NA,NA,NA,NA,NA,NA,NA,NA,NA
NA,NA,"DHX36",NA,NA,NA,NA,NA,NA,NA,NA,NA
NA,NA,"SBNO1",NA,NA,NA,NA,NA,NA,NA,NA,NA
NA,NA,"ZNFX1",NA,NA,NA,NA,NA,NA,NA,NA,NA
NA,NA,"PARG",NA,NA,NA,NA,NA,NA,NA,NA,NA
NA,NA,"PLPPR2",NA,NA,NA,NA,NA,NA,NA,NA,NA
NA,NA,"PLD2",NA,NA,NA,NA,NA,NA,NA,NA,NA
NA,NA,"CCDC85C",NA,NA,NA,NA,NA,NA,NA,NA,NA
NA,NA,"MPV17L2",NA,NA,NA,NA,NA,NA,NA,NA,NA
NA,NA,"THAP7",NA,NA,NA,NA,NA,NA,NA,NA,NA
NA,NA,"DAAM1",NA,NA,NA,NA,NA,NA,NA,NA,NA
NA,NA,"IL1R1",NA,NA,NA,NA,NA,NA,NA,NA,NA
NA,NA,"RAB11FIP1",NA,NA,NA,NA,NA,NA,NA,NA,NA
NA,NA,"NDFIP2",NA,NA,NA,NA,NA,NA,NA,NA,NA
NA,NA,"MYL12A",NA,NA,NA,NA,NA,NA,NA,NA,NA
NA,NA,"PCCA-DT",NA,NA,NA,NA,NA,NA,NA,NA,NA
NA,NA,"CLDN14",NA,NA,NA,NA,NA,NA,NA,NA,NA
NA,NA,"TOP3A",NA,NA,NA,NA,NA,NA,NA,NA,NA
NA,NA,"TAOK2",NA,NA,NA,NA,NA,NA,NA,NA,NA
NA,NA,"ZBTB48",NA,NA,NA,NA,NA,NA,NA,NA,NA
NA,NA,"SMAP2",NA,NA,NA,NA,NA,NA,NA,NA,NA
NA,NA,"IRF2BPL",NA,NA,NA,NA,NA,NA,NA,NA,NA
NA,NA,"SLC1A4",NA,NA,NA,NA,NA,NA,NA,NA,NA
NA,NA,"GOLGA2",NA,NA,NA,NA,NA,NA,NA,NA,NA
NA,NA,"LEMD2",NA,NA,NA,NA,NA,NA,NA,NA,NA
NA,NA,"ABHD8",NA,NA,NA,NA,NA,NA,NA,NA,NA
NA,NA,"LGI3",NA,NA,NA,NA,NA,NA,NA,NA,NA
NA,NA,"ZFYVE27",NA,NA,NA,NA,NA,NA,NA,NA,NA
NA,NA,"PBX3",NA,NA,NA,NA,NA,NA,NA,NA,NA
NA,NA,"KIAA0753",NA,NA,NA,NA,NA,NA,NA,NA,NA
NA,NA,"FBXO38",NA,NA,NA,NA,NA,NA,NA,NA,NA
NA,NA,"PDE8A",NA,NA,NA,NA,NA,NA,NA,NA,NA
NA,NA,"TAF6",NA,NA,NA,NA,NA,NA,NA,NA,NA
