PHH_common_all,PHH_DEG_Steatosis,PHH_SVM_DEGs,PHH_SVM_Steatosis,PRH_common_all,PRH_DEG_Steatosis,PRH_SVM_DEGs,PRH_SVM_Steatosis,RLT_common_all,RLT_DEG_Steatosis,RLT_SVM_DEGs,RLT_SVM_Steatosis
ULK1,GPT2,GNB3,RDX,CD14,HAMP,FNIP2,FGFR1,DHRS7,ABCG5,NUAK1,NQO1
NA,KLB,RN7SL301P,FGF21,NA,IL1RN,HSPA4L,CYP17A1,RDX,GSTM1,SNX8,GSTT1
NA,SUOX,PELI3,ADRB2,NA,CD68,TRUB2,GSTT1,PEMT,ACAD10,NT5E,TXNIP
NA,HM13,PIM1,IDE,NA,NA,STX17,ADRB2,ERN1,MET,PSKH1,PSMA5
NA,AR,TCTA,CXCL10,NA,NA,RNF38,ATG12,ABCG8,SIDT2,ARFGAP2,ADIPOR2
NA,PRKCA,ALS2,TLR2,NA,NA,BMPR2,PRMT7,GPT2,GPD1L,PPM1A,MYD88
NA,SERPINA6,CCDC60,NOS2,NA,NA,HGFAC,ACAD10,NA,EIF2AK1,TMEM204,STC2
NA,LRP6,MROH6,NA,NA,NA,APTX,SHC1,NA,STS,ELAC2,NR5A2
NA,SIDT2,THOC2,NA,NA,NA,OGT,COL3A1,NA,KEAP1,SYVN1,PLAU
NA,VLDLR,CERS5,NA,NA,NA,PAXIP1,JAK2,NA,NEIL1,LAPTM4B,ADRB3
NA,FTO,GPR153,NA,NA,NA,DIP2B,CPS1,NA,IL13RA2,TMEM19,IL1RN
NA,SIRT2,LCMT1,NA,NA,NA,CAST,FTO,NA,TIMP1,MARCHF6,EPAS1
NA,EPAS1,ENSG00000267458,NA,NA,NA,NIBAN1,CD163,NA,ATG7,SEC22A,IGFBP7
NA,ATP7B,IL17RC,NA,NA,NA,POLR2A,ANGPTL4,NA,PRKAA1,TSPAN18,NA
NA,TF,SECISBP2L,NA,NA,NA,ENPEP,NGF,NA,NA,CLCN4,NA
NA,PRMT7,TBX3,NA,NA,NA,DIS3L2,STS,NA,NA,YKT6,NA
NA,ATG7,RNF41,NA,NA,NA,RSRP1,LGALS3,NA,NA,KHNYN,NA
NA,CYP7B1,ZMAT5,NA,NA,NA,PDIA5,UBD,NA,NA,TMEM132A,NA
NA,NR5A2,HECTD1,NA,NA,NA,GINM1,NA,NA,NA,APPL1,NA
NA,CD14,CHD9,NA,NA,NA,NNAT,NA,NA,NA,FGFR3,NA
NA,CEBPB,MT3,NA,NA,NA,TOR1AIP2,NA,NA,NA,USP8,NA
NA,SIRT6,HAGHL,NA,NA,NA,EVA1A,NA,NA,NA,PAQR9,NA
NA,SAMM50,ZNF776,NA,NA,NA,CPQ,NA,NA,NA,AQP1,NA
NA,SHC1,CADPS2,NA,NA,NA,NA,NA,NA,NA,OS9,NA
NA,STS,MBTPS1-DT,NA,NA,NA,NA,NA,NA,NA,LRRC71,NA
NA,CPS1,TMED8,NA,NA,NA,NA,NA,NA,NA,RCOR1,NA
NA,SERPINF1,PPP2R2D,NA,NA,NA,NA,NA,NA,NA,DICER1,NA
NA,MAT1A,HDAC5,NA,NA,NA,NA,NA,NA,NA,OCEL1,NA
NA,ABCG8,PHACTR4,NA,NA,NA,NA,NA,NA,NA,GUCY1A1,NA
NA,AZGP1,FAM221A,NA,NA,NA,NA,NA,NA,NA,SLC33A1,NA
NA,HHEX,RALY-AS1,NA,NA,NA,NA,NA,NA,NA,HSPA13,NA
NA,ABCG5,CNP,NA,NA,NA,NA,NA,NA,NA,SEPSECS,NA
NA,IRS1,IFI6,NA,NA,NA,NA,NA,NA,NA,GPLD1,NA
NA,PPDPF,SLC40A1,NA,NA,NA,NA,NA,NA,NA,STK25,NA
NA,BECN1,RAB8A,NA,NA,NA,NA,NA,NA,NA,TGFBR2,NA
NA,PHYH,ABCD1,NA,NA,NA,NA,NA,NA,NA,UGT2B10,NA
NA,MMP1,GOLIM4,NA,NA,NA,NA,NA,NA,NA,CEBPA,NA
NA,TNFRSF1B,VIRMA,NA,NA,NA,NA,NA,NA,NA,RGS3,NA
NA,SERPINA1,TPP1,NA,NA,NA,NA,NA,NA,NA,TP53INP2,NA
NA,MFN2,AAGAB,NA,NA,NA,NA,NA,NA,NA,NID2,NA
NA,EIF2AK1,TMEM223,NA,NA,NA,NA,NA,NA,NA,ENSRNOG00000023828,NA
NA,ABCB1,ALCAM,NA,NA,NA,NA,NA,NA,NA,PJA1,NA
NA,F2,AP3B1,NA,NA,NA,NA,NA,NA,NA,SPAG7,NA
NA,TRIB1,NCBP1,NA,NA,NA,NA,NA,NA,NA,FAHD1,NA
NA,STAT3,WDCP,NA,NA,NA,NA,NA,NA,NA,AKT2,NA
NA,EIF2AK3,TMOD1,NA,NA,NA,NA,NA,NA,NA,TSC22D3,NA
NA,MYD88,PMS2P1,NA,NA,NA,NA,NA,NA,NA,PRPSAP1,NA
NA,NA,ELOA-AS1,NA,NA,NA,NA,NA,NA,NA,PCNT,NA
NA,NA,MIGA2,NA,NA,NA,NA,NA,NA,NA,BANP,NA
NA,NA,HIKESHI,NA,NA,NA,NA,NA,NA,NA,TNKS2,NA
NA,NA,MBL2,NA,NA,NA,NA,NA,NA,NA,ENSRNOG00000057601,NA
NA,NA,NPM1P22,NA,NA,NA,NA,NA,NA,NA,LSM3,NA
NA,NA,UBAC2,NA,NA,NA,NA,NA,NA,NA,NHERF1,NA
NA,NA,STAT1,NA,NA,NA,NA,NA,NA,NA,CDC42EP1,NA
NA,NA,ZBED5-AS1,NA,NA,NA,NA,NA,NA,NA,SIAE,NA
NA,NA,PLEKHA4,NA,NA,NA,NA,NA,NA,NA,GSTM4,NA
NA,NA,ATG4C,NA,NA,NA,NA,NA,NA,NA,ENSRNOG00000004147,NA
NA,NA,LAMTOR3,NA,NA,NA,NA,NA,NA,NA,PNPLA7,NA
NA,NA,POLR2I,NA,NA,NA,NA,NA,NA,NA,SHPK,NA
NA,NA,GATA6-AS1,NA,NA,NA,NA,NA,NA,NA,POLDIP2,NA
NA,NA,C6orf226,NA,NA,NA,NA,NA,NA,NA,IL16,NA
NA,NA,NAA30,NA,NA,NA,NA,NA,NA,NA,OR51E2,NA
NA,NA,EPB41L5,NA,NA,NA,NA,NA,NA,NA,RAB3GAP1,NA
NA,NA,RBMY2MP,NA,NA,NA,NA,NA,NA,NA,LRBA,NA
NA,NA,KIF9,NA,NA,NA,NA,NA,NA,NA,PCYT2,NA
NA,NA,FAM110C,NA,NA,NA,NA,NA,NA,NA,PEX14,NA
NA,NA,SRPK3,NA,NA,NA,NA,NA,NA,NA,SLC66A2,NA
NA,NA,TNPO3,NA,NA,NA,NA,NA,NA,NA,TTYH3,NA
NA,NA,ZNF765,NA,NA,NA,NA,NA,NA,NA,TENT5C,NA
NA,NA,TIGD1,NA,NA,NA,NA,NA,NA,NA,NTF3,NA
NA,NA,IGLV2-14,NA,NA,NA,NA,NA,NA,NA,ARAF,NA
NA,NA,PEX11G,NA,NA,NA,NA,NA,NA,NA,TRMT44,NA
NA,NA,IFT22,NA,NA,NA,NA,NA,NA,NA,NGDN,NA
NA,NA,TPSAB1,NA,NA,NA,NA,NA,NA,NA,PSMG4,NA
NA,NA,KCNT2,NA,NA,NA,NA,NA,NA,NA,DVL1,NA
NA,NA,ENSG00000261829,NA,NA,NA,NA,NA,NA,NA,WDR11,NA
NA,NA,MAPRE2,NA,NA,NA,NA,NA,NA,NA,PPP1R15B,NA
NA,NA,ARHGEF16,NA,NA,NA,NA,NA,NA,NA,SEPHS1,NA
NA,NA,ZBTB25,NA,NA,NA,NA,NA,NA,NA,HSPB1,NA
NA,NA,PRPSAP2,NA,NA,NA,NA,NA,NA,NA,GYPC,NA
NA,NA,GM2A,NA,NA,NA,NA,NA,NA,NA,GGT5,NA
NA,NA,UNC5B,NA,NA,NA,NA,NA,NA,NA,CHM,NA
NA,NA,ZNF138,NA,NA,NA,NA,NA,NA,NA,CTSF,NA
NA,NA,ENSG00000242861,NA,NA,NA,NA,NA,NA,NA,CCPG1,NA
NA,NA,TARS3,NA,NA,NA,NA,NA,NA,NA,MTMR1,NA
NA,NA,ZNF561,NA,NA,NA,NA,NA,NA,NA,OSBPL11,NA
NA,NA,LIMK2,NA,NA,NA,NA,NA,NA,NA,FLT1,NA
NA,NA,CYP3A5,NA,NA,NA,NA,NA,NA,NA,LRP4,NA
NA,NA,COQ4,NA,NA,NA,NA,NA,NA,NA,NDST1,NA
NA,NA,BCL9,NA,NA,NA,NA,NA,NA,NA,NOA1,NA
NA,NA,SUDS3,NA,NA,NA,NA,NA,NA,NA,SESN1,NA
NA,NA,ZNF227,NA,NA,NA,NA,NA,NA,NA,ZNF76,NA
NA,NA,BCL6,NA,NA,NA,NA,NA,NA,NA,STK38L,NA
NA,NA,BAHD1,NA,NA,NA,NA,NA,NA,NA,ADAR,NA
NA,NA,PNMA6A,NA,NA,NA,NA,NA,NA,NA,EVL,NA
NA,NA,FBH1,NA,NA,NA,NA,NA,NA,NA,DHRS3,NA
NA,NA,CD276,NA,NA,NA,NA,NA,NA,NA,DYM,NA
NA,NA,RIT1,NA,NA,NA,NA,NA,NA,NA,AP1B1,NA
NA,NA,ARID4B,NA,NA,NA,NA,NA,NA,NA,NA,NA
NA,NA,FBXW7,NA,NA,NA,NA,NA,NA,NA,NA,NA
NA,NA,AP4E1,NA,NA,NA,NA,NA,NA,NA,NA,NA
NA,NA,RAB40B,NA,NA,NA,NA,NA,NA,NA,NA,NA
NA,NA,ZNF232-AS1,NA,NA,NA,NA,NA,NA,NA,NA,NA
NA,NA,MGAT1,NA,NA,NA,NA,NA,NA,NA,NA,NA
NA,NA,TRMT2A,NA,NA,NA,NA,NA,NA,NA,NA,NA
NA,NA,TMEM38A,NA,NA,NA,NA,NA,NA,NA,NA,NA
NA,NA,CCDC126,NA,NA,NA,NA,NA,NA,NA,NA,NA
NA,NA,EBAG9,NA,NA,NA,NA,NA,NA,NA,NA,NA
NA,NA,GIHCG,NA,NA,NA,NA,NA,NA,NA,NA,NA
NA,NA,MANBA,NA,NA,NA,NA,NA,NA,NA,NA,NA
NA,NA,STARD8,NA,NA,NA,NA,NA,NA,NA,NA,NA
NA,NA,USP5,NA,NA,NA,NA,NA,NA,NA,NA,NA
NA,NA,PTPN1,NA,NA,NA,NA,NA,NA,NA,NA,NA
NA,NA,CCNH,NA,NA,NA,NA,NA,NA,NA,NA,NA
NA,NA,MAGEF1,NA,NA,NA,NA,NA,NA,NA,NA,NA
NA,NA,SP140L,NA,NA,NA,NA,NA,NA,NA,NA,NA
NA,NA,SH3YL1,NA,NA,NA,NA,NA,NA,NA,NA,NA
NA,NA,MCAT,NA,NA,NA,NA,NA,NA,NA,NA,NA
NA,NA,TYW1,NA,NA,NA,NA,NA,NA,NA,NA,NA
NA,NA,MUC3A,NA,NA,NA,NA,NA,NA,NA,NA,NA
NA,NA,TTC32,NA,NA,NA,NA,NA,NA,NA,NA,NA
NA,NA,LRRC37B,NA,NA,NA,NA,NA,NA,NA,NA,NA
NA,NA,HAAO,NA,NA,NA,NA,NA,NA,NA,NA,NA
NA,NA,YARS2,NA,NA,NA,NA,NA,NA,NA,NA,NA
NA,NA,EVI5,NA,NA,NA,NA,NA,NA,NA,NA,NA
NA,NA,AXIN1,NA,NA,NA,NA,NA,NA,NA,NA,NA
NA,NA,ANKRD54,NA,NA,NA,NA,NA,NA,NA,NA,NA
NA,NA,CALR,NA,NA,NA,NA,NA,NA,NA,NA,NA
NA,NA,FBXO34,NA,NA,NA,NA,NA,NA,NA,NA,NA
NA,NA,SLC9A6,NA,NA,NA,NA,NA,NA,NA,NA,NA
NA,NA,GON4L,NA,NA,NA,NA,NA,NA,NA,NA,NA
NA,NA,EXOC1,NA,NA,NA,NA,NA,NA,NA,NA,NA
NA,NA,GOLGA4,NA,NA,NA,NA,NA,NA,NA,NA,NA
NA,NA,MTIF3,NA,NA,NA,NA,NA,NA,NA,NA,NA
NA,NA,BIRC6,NA,NA,NA,NA,NA,NA,NA,NA,NA
NA,NA,CLTA,NA,NA,NA,NA,NA,NA,NA,NA,NA
NA,NA,S100PBP,NA,NA,NA,NA,NA,NA,NA,NA,NA
NA,NA,PCMTD2,NA,NA,NA,NA,NA,NA,NA,NA,NA
NA,NA,PHYHIPL,NA,NA,NA,NA,NA,NA,NA,NA,NA
NA,NA,NUDCD2,NA,NA,NA,NA,NA,NA,NA,NA,NA
NA,NA,RASSF1-AS1,NA,NA,NA,NA,NA,NA,NA,NA,NA
NA,NA,ENSG00000286388,NA,NA,NA,NA,NA,NA,NA,NA,NA
NA,NA,RGL2,NA,NA,NA,NA,NA,NA,NA,NA,NA
NA,NA,TIMM50,NA,NA,NA,NA,NA,NA,NA,NA,NA
NA,NA,TRIM37,NA,NA,NA,NA,NA,NA,NA,NA,NA
NA,NA,LRCH1,NA,NA,NA,NA,NA,NA,NA,NA,NA
NA,NA,NEK1,NA,NA,NA,NA,NA,NA,NA,NA,NA
NA,NA,STK16,NA,NA,NA,NA,NA,NA,NA,NA,NA
NA,NA,CDC34,NA,NA,NA,NA,NA,NA,NA,NA,NA
NA,NA,MTX2,NA,NA,NA,NA,NA,NA,NA,NA,NA
NA,NA,CBR1,NA,NA,NA,NA,NA,NA,NA,NA,NA
NA,NA,DTWD2,NA,NA,NA,NA,NA,NA,NA,NA,NA
NA,NA,TPST1,NA,NA,NA,NA,NA,NA,NA,NA,NA
NA,NA,MINDY3,NA,NA,NA,NA,NA,NA,NA,NA,NA
NA,NA,ITGA7,NA,NA,NA,NA,NA,NA,NA,NA,NA
NA,NA,GCN1,NA,NA,NA,NA,NA,NA,NA,NA,NA
NA,NA,SETX,NA,NA,NA,NA,NA,NA,NA,NA,NA
NA,NA,KATNIP,NA,NA,NA,NA,NA,NA,NA,NA,NA
NA,NA,EIF5A,NA,NA,NA,NA,NA,NA,NA,NA,NA
NA,NA,NHLRC3,NA,NA,NA,NA,NA,NA,NA,NA,NA
NA,NA,TRPM7,NA,NA,NA,NA,NA,NA,NA,NA,NA
NA,NA,ARFRP1,NA,NA,NA,NA,NA,NA,NA,NA,NA
NA,NA,MBOAT7,NA,NA,NA,NA,NA,NA,NA,NA,NA
NA,NA,DYM,NA,NA,NA,NA,NA,NA,NA,NA,NA
NA,NA,TMEM115,NA,NA,NA,NA,NA,NA,NA,NA,NA
NA,NA,HPS3,NA,NA,NA,NA,NA,NA,NA,NA,NA
NA,NA,RTP3,NA,NA,NA,NA,NA,NA,NA,NA,NA
NA,NA,UBE4A,NA,NA,NA,NA,NA,NA,NA,NA,NA
NA,NA,SMAD5,NA,NA,NA,NA,NA,NA,NA,NA,NA
NA,NA,UBOX5,NA,NA,NA,NA,NA,NA,NA,NA,NA
NA,NA,FHOD1,NA,NA,NA,NA,NA,NA,NA,NA,NA
NA,NA,KXD1,NA,NA,NA,NA,NA,NA,NA,NA,NA
NA,NA,SGMS1,NA,NA,NA,NA,NA,NA,NA,NA,NA
NA,NA,PPIG,NA,NA,NA,NA,NA,NA,NA,NA,NA
NA,NA,NCK2,NA,NA,NA,NA,NA,NA,NA,NA,NA
NA,NA,PRELID2,NA,NA,NA,NA,NA,NA,NA,NA,NA
NA,NA,C2orf49,NA,NA,NA,NA,NA,NA,NA,NA,NA
NA,NA,AKAP17A,NA,NA,NA,NA,NA,NA,NA,NA,NA
NA,NA,ZCCHC17,NA,NA,NA,NA,NA,NA,NA,NA,NA
NA,NA,DNM2,NA,NA,NA,NA,NA,NA,NA,NA,NA
NA,NA,COG7,NA,NA,NA,NA,NA,NA,NA,NA,NA
NA,NA,SRGAP2,NA,NA,NA,NA,NA,NA,NA,NA,NA
NA,NA,IL15,NA,NA,NA,NA,NA,NA,NA,NA,NA
NA,NA,DDAH2,NA,NA,NA,NA,NA,NA,NA,NA,NA
NA,NA,C6orf47,NA,NA,NA,NA,NA,NA,NA,NA,NA
NA,NA,LINC00652,NA,NA,NA,NA,NA,NA,NA,NA,NA
NA,NA,TRIM38,NA,NA,NA,NA,NA,NA,NA,NA,NA
NA,NA,PAK1,NA,NA,NA,NA,NA,NA,NA,NA,NA
NA,NA,ZBTB18,NA,NA,NA,NA,NA,NA,NA,NA,NA
NA,NA,KLHL25,NA,NA,NA,NA,NA,NA,NA,NA,NA
NA,NA,NAP1L5,NA,NA,NA,NA,NA,NA,NA,NA,NA
NA,NA,KIAA1958,NA,NA,NA,NA,NA,NA,NA,NA,NA
NA,NA,ENKD1,NA,NA,NA,NA,NA,NA,NA,NA,NA
NA,NA,MFSD11,NA,NA,NA,NA,NA,NA,NA,NA,NA
NA,NA,SLC10A1,NA,NA,NA,NA,NA,NA,NA,NA,NA
NA,NA,CD40,NA,NA,NA,NA,NA,NA,NA,NA,NA
NA,NA,NUDT22,NA,NA,NA,NA,NA,NA,NA,NA,NA
NA,NA,DGKQ,NA,NA,NA,NA,NA,NA,NA,NA,NA
NA,NA,ATP23,NA,NA,NA,NA,NA,NA,NA,NA,NA
NA,NA,FAM193B,NA,NA,NA,NA,NA,NA,NA,NA,NA
NA,NA,HIF1AN,NA,NA,NA,NA,NA,NA,NA,NA,NA
NA,NA,ASB7,NA,NA,NA,NA,NA,NA,NA,NA,NA
NA,NA,APP,NA,NA,NA,NA,NA,NA,NA,NA,NA
NA,NA,LINC00847,NA,NA,NA,NA,NA,NA,NA,NA,NA
NA,NA,AKAP13,NA,NA,NA,NA,NA,NA,NA,NA,NA
NA,NA,PHLDB3,NA,NA,NA,NA,NA,NA,NA,NA,NA
NA,NA,ABCA2,NA,NA,NA,NA,NA,NA,NA,NA,NA
NA,NA,SFXN2,NA,NA,NA,NA,NA,NA,NA,NA,NA
NA,NA,PLIN3,NA,NA,NA,NA,NA,NA,NA,NA,NA
NA,NA,SLC9A7,NA,NA,NA,NA,NA,NA,NA,NA,NA
NA,NA,KIAA0232,NA,NA,NA,NA,NA,NA,NA,NA,NA
NA,NA,ZNF266,NA,NA,NA,NA,NA,NA,NA,NA,NA
NA,NA,KIFAP3,NA,NA,NA,NA,NA,NA,NA,NA,NA
NA,NA,C12orf76,NA,NA,NA,NA,NA,NA,NA,NA,NA
NA,NA,SNTB2,NA,NA,NA,NA,NA,NA,NA,NA,NA
NA,NA,TMT1B,NA,NA,NA,NA,NA,NA,NA,NA,NA
NA,NA,TM2D3,NA,NA,NA,NA,NA,NA,NA,NA,NA
NA,NA,SLC39A14,NA,NA,NA,NA,NA,NA,NA,NA,NA
NA,NA,LINC01503,NA,NA,NA,NA,NA,NA,NA,NA,NA
NA,NA,BOLA3,NA,NA,NA,NA,NA,NA,NA,NA,NA
NA,NA,B4GALT4,NA,NA,NA,NA,NA,NA,NA,NA,NA
NA,NA,CAMK2G,NA,NA,NA,NA,NA,NA,NA,NA,NA
NA,NA,MAFG,NA,NA,NA,NA,NA,NA,NA,NA,NA
NA,NA,CENPT,NA,NA,NA,NA,NA,NA,NA,NA,NA
NA,NA,NAT9,NA,NA,NA,NA,NA,NA,NA,NA,NA
NA,NA,CTDP1,NA,NA,NA,NA,NA,NA,NA,NA,NA
NA,NA,ZSCAN29,NA,NA,NA,NA,NA,NA,NA,NA,NA
NA,NA,KMT2C,NA,NA,NA,NA,NA,NA,NA,NA,NA
NA,NA,EXTL2,NA,NA,NA,NA,NA,NA,NA,NA,NA
NA,NA,DHX36,NA,NA,NA,NA,NA,NA,NA,NA,NA
NA,NA,SBNO1,NA,NA,NA,NA,NA,NA,NA,NA,NA
NA,NA,ZNFX1,NA,NA,NA,NA,NA,NA,NA,NA,NA
NA,NA,PARG,NA,NA,NA,NA,NA,NA,NA,NA,NA
NA,NA,PLPPR2,NA,NA,NA,NA,NA,NA,NA,NA,NA
NA,NA,PLD2,NA,NA,NA,NA,NA,NA,NA,NA,NA
NA,NA,CCDC85C,NA,NA,NA,NA,NA,NA,NA,NA,NA
NA,NA,MPV17L2,NA,NA,NA,NA,NA,NA,NA,NA,NA
NA,NA,THAP7,NA,NA,NA,NA,NA,NA,NA,NA,NA
NA,NA,DAAM1,NA,NA,NA,NA,NA,NA,NA,NA,NA
NA,NA,IL1R1,NA,NA,NA,NA,NA,NA,NA,NA,NA
NA,NA,RAB11FIP1,NA,NA,NA,NA,NA,NA,NA,NA,NA
NA,NA,NDFIP2,NA,NA,NA,NA,NA,NA,NA,NA,NA
NA,NA,MYL12A,NA,NA,NA,NA,NA,NA,NA,NA,NA
NA,NA,PCCA-DT,NA,NA,NA,NA,NA,NA,NA,NA,NA
NA,NA,CLDN14,NA,NA,NA,NA,NA,NA,NA,NA,NA
NA,NA,TOP3A,NA,NA,NA,NA,NA,NA,NA,NA,NA
NA,NA,TAOK2,NA,NA,NA,NA,NA,NA,NA,NA,NA
NA,NA,ZBTB48,NA,NA,NA,NA,NA,NA,NA,NA,NA
NA,NA,SMAP2,NA,NA,NA,NA,NA,NA,NA,NA,NA
NA,NA,IRF2BPL,NA,NA,NA,NA,NA,NA,NA,NA,NA
NA,NA,SLC1A4,NA,NA,NA,NA,NA,NA,NA,NA,NA
NA,NA,GOLGA2,NA,NA,NA,NA,NA,NA,NA,NA,NA
NA,NA,LEMD2,NA,NA,NA,NA,NA,NA,NA,NA,NA
NA,NA,ABHD8,NA,NA,NA,NA,NA,NA,NA,NA,NA
NA,NA,LGI3,NA,NA,NA,NA,NA,NA,NA,NA,NA
NA,NA,ZFYVE27,NA,NA,NA,NA,NA,NA,NA,NA,NA
NA,NA,PBX3,NA,NA,NA,NA,NA,NA,NA,NA,NA
NA,NA,KIAA0753,NA,NA,NA,NA,NA,NA,NA,NA,NA
NA,NA,FBXO38,NA,NA,NA,NA,NA,NA,NA,NA,NA
NA,NA,TAF6,NA,NA,NA,NA,NA,NA,NA,NA,NA
